clip_id,category,singer_id,take_id,path_rel,sample_rate,duration_sec,scale_id
notes_Brandon_a21_c9ea2bd6,notes,Brandon,a21,data/raw/notes/A/Brandon/a21.wav,16000,2.0466875,
notes_Brandon_a22_e45da841,notes,Brandon,a22,data/raw/notes/A/Brandon/a22.wav,16000,2.592,
notes_Brandon_a23_f7a7551f,notes,Brandon,a23,data/raw/notes/A/Brandon/a23.wav,16000,1.5026875,
notes_Brandon_a24_5ea5652e,notes,Brandon,a24,data/raw/notes/A/Brandon/a24.wav,16000,1.664,
notes_Brandon_a25_6d591e95,notes,Brandon,a25,data/raw/notes/A/Brandon/a25.wav,16000,1.8546875,
notes_Maya_a41_d2a20a5f,notes,Maya,a41,data/raw/notes/A/Maya/a41.wav,16000,3.52,
notes_Maya_a41_ps+12_85f0f7e7,notes,Maya,a41_ps+12,data/raw/notes/A/Maya/a41_ps+12.wav,16000,3.52,
notes_Maya_a41_ps+3_bab8e65d,notes,Maya,a41_ps+3,data/raw/notes/A/Maya/a41_ps+3.wav,16000,3.584,
notes_Maya_a41_ps+5_7a156500,notes,Maya,a41_ps+5,data/raw/notes/A/Maya/a41_ps+5.wav,16000,3.552,
notes_Maya_a41_ps+7_6d2982c7,notes,Maya,a41_ps+7,data/raw/notes/A/Maya/a41_ps+7.wav,16000,3.552,
notes_Maya_a41_ps-12_6b254c77,notes,Maya,a41_ps-12,data/raw/notes/A/Maya/a41_ps-12.wav,16000,3.552,
notes_Maya_a41_ps-3_ea7167d4,notes,Maya,a41_ps-3,data/raw/notes/A/Maya/a41_ps-3.wav,16000,3.584,
notes_Maya_a41_ps-5_8042a586,notes,Maya,a41_ps-5,data/raw/notes/A/Maya/a41_ps-5.wav,16000,3.52,
notes_Maya_a41_ps-7_8abc3b2a,notes,Maya,a41_ps-7,data/raw/notes/A/Maya/a41_ps-7.wav,16000,3.584,
notes_Maya_a42_3183d46a,notes,Maya,a42,data/raw/notes/A/Maya/a42.wav,16000,3.36,
notes_Maya_a42_ps+12_b2025353,notes,Maya,a42_ps+12,data/raw/notes/A/Maya/a42_ps+12.wav,16000,2.56,
notes_Maya_a42_ps+3_aff84aa5,notes,Maya,a42_ps+3,data/raw/notes/A/Maya/a42_ps+3.wav,16000,3.328,
notes_Maya_a42_ps+5_c35f107b,notes,Maya,a42_ps+5,data/raw/notes/A/Maya/a42_ps+5.wav,16000,3.36,
notes_Maya_a42_ps+7_1844615e,notes,Maya,a42_ps+7,data/raw/notes/A/Maya/a42_ps+7.wav,16000,3.296,
notes_Maya_a42_ps-12_e1ea578c,notes,Maya,a42_ps-12,data/raw/notes/A/Maya/a42_ps-12.wav,16000,2.752,
notes_Maya_a42_ps-3_643e8c0a,notes,Maya,a42_ps-3,data/raw/notes/A/Maya/a42_ps-3.wav,16000,3.424,
notes_Maya_a42_ps-5_94a1a0f1,notes,Maya,a42_ps-5,data/raw/notes/A/Maya/a42_ps-5.wav,16000,3.36,
notes_Maya_a42_ps-7_e52e0d96,notes,Maya,a42_ps-7,data/raw/notes/A/Maya/a42_ps-7.wav,16000,3.328,
notes_Maya_a43_7b34e064,notes,Maya,a43,data/raw/notes/A/Maya/a43.wav,16000,3.605375,
notes_Maya_a43_ps+12_97956699,notes,Maya,a43_ps+12,data/raw/notes/A/Maya/a43_ps+12.wav,16000,3.221375,
notes_Maya_a43_ps+3_0cf5a7ef,notes,Maya,a43_ps+3,data/raw/notes/A/Maya/a43_ps+3.wav,16000,3.605375,
notes_Maya_a43_ps+5_ef9e52c9,notes,Maya,a43_ps+5,data/raw/notes/A/Maya/a43_ps+5.wav,16000,3.637375,
notes_Maya_a43_ps+7_4d064e8d,notes,Maya,a43_ps+7,data/raw/notes/A/Maya/a43_ps+7.wav,16000,3.477375,
notes_Maya_a43_ps-12_1e78c8b5,notes,Maya,a43_ps-12,data/raw/notes/A/Maya/a43_ps-12.wav,16000,3.605375,
notes_Maya_a43_ps-3_f3a1fc9a,notes,Maya,a43_ps-3,data/raw/notes/A/Maya/a43_ps-3.wav,16000,3.637375,
notes_Maya_a43_ps-5_41aa5f74,notes,Maya,a43_ps-5,data/raw/notes/A/Maya/a43_ps-5.wav,16000,3.637375,
notes_Maya_a43_ps-7_f75dac4d,notes,Maya,a43_ps-7,data/raw/notes/A/Maya/a43_ps-7.wav,16000,3.605375,
notes_Maya_a45_1688d977,notes,Maya,a45,data/raw/notes/A/Maya/a45.wav,16000,3.1146875,
notes_Maya_a45_ps+12_168a6cbf,notes,Maya,a45_ps+12,data/raw/notes/A/Maya/a45_ps+12.wav,16000,3.1146875,
notes_Maya_a45_ps+3_68e3e7e2,notes,Maya,a45_ps+3,data/raw/notes/A/Maya/a45_ps+3.wav,16000,3.1146875,
notes_Maya_a45_ps+5_40bfeb5d,notes,Maya,a45_ps+5,data/raw/notes/A/Maya/a45_ps+5.wav,16000,3.0826875,
notes_Maya_a45_ps+7_a70b32be,notes,Maya,a45_ps+7,data/raw/notes/A/Maya/a45_ps+7.wav,16000,3.1146875,
notes_Maya_a45_ps-12_967bdbfc,notes,Maya,a45_ps-12,data/raw/notes/A/Maya/a45_ps-12.wav,16000,2.9226875,
notes_Maya_a45_ps-3_52961b78,notes,Maya,a45_ps-3,data/raw/notes/A/Maya/a45_ps-3.wav,16000,3.0826875,
notes_Maya_a45_ps-5_d60c02d1,notes,Maya,a45_ps-5,data/raw/notes/A/Maya/a45_ps-5.wav,16000,3.1466875,
notes_Maya_a45_ps-7_e6d73556,notes,Maya,a45_ps-7,data/raw/notes/A/Maya/a45_ps-7.wav,16000,3.1146875,
notes_A_a4_0f1cc349,notes,A,a4,data/raw/notes/A/a4.wav,16000,5.0346875,
notes_A_a4_ps+12_8a11214b,notes,A,a4_ps+12,data/raw/notes/A/a4_ps+12.wav,16000,5.0346875,
notes_A_a4_ps+3_51710332,notes,A,a4_ps+3,data/raw/notes/A/a4_ps+3.wav,16000,5.0346875,
notes_A_a4_ps+5_50620f1d,notes,A,a4_ps+5,data/raw/notes/A/a4_ps+5.wav,16000,5.0346875,
notes_A_a4_ps+7_8399c998,notes,A,a4_ps+7,data/raw/notes/A/a4_ps+7.wav,16000,5.0346875,
notes_A_a4_ps-12_11a03ff8,notes,A,a4_ps-12,data/raw/notes/A/a4_ps-12.wav,16000,5.0026875,
notes_A_a4_ps-3_6f774df5,notes,A,a4_ps-3,data/raw/notes/A/a4_ps-3.wav,16000,5.0346875,
notes_A_a4_ps-5_1876130a,notes,A,a4_ps-5,data/raw/notes/A/a4_ps-5.wav,16000,5.0346875,
notes_A_a4_ps-7_4c12b976,notes,A,a4_ps-7,data/raw/notes/A/a4_ps-7.wav,16000,5.0346875,
notes_Brandon_ab31_949bc2b4,notes,Brandon,ab31,data/raw/notes/Ab/Brandon/ab31.wav,16000,0.937375,
notes_Brandon_ab32_d4577e7c,notes,Brandon,ab32,data/raw/notes/Ab/Brandon/ab32.wav,16000,1.524,
notes_Brandon_ab33_6ecc286b,notes,Brandon,ab33,data/raw/notes/Ab/Brandon/ab33.wav,16000,1.376,
notes_Brandon_ab34_901634ac,notes,Brandon,ab34,data/raw/notes/Ab/Brandon/ab34.wav,16000,1.513375,
notes_Brandon_ab35_3d6962e3,notes,Brandon,ab35,data/raw/notes/Ab/Brandon/ab35.wav,16000,2.0786875,
notes_Maya_ab41_0c0bc906,notes,Maya,ab41,data/raw/notes/Ab/Maya/ab41.wav,16000,3.328,
notes_Maya_ab41_ps+12_c88ce4bb,notes,Maya,ab41_ps+12,data/raw/notes/Ab/Maya/ab41_ps+12.wav,16000,3.328,
notes_Maya_ab41_ps+3_8b3b8c74,notes,Maya,ab41_ps+3,data/raw/notes/Ab/Maya/ab41_ps+3.wav,16000,3.328,
notes_Maya_ab41_ps+5_2c8c5ff3,notes,Maya,ab41_ps+5,data/raw/notes/Ab/Maya/ab41_ps+5.wav,16000,3.328,
notes_Maya_ab41_ps+7_bee757b5,notes,Maya,ab41_ps+7,data/raw/notes/Ab/Maya/ab41_ps+7.wav,16000,3.36,
notes_Maya_ab41_ps-12_e148d2f6,notes,Maya,ab41_ps-12,data/raw/notes/Ab/Maya/ab41_ps-12.wav,16000,3.36,
notes_Maya_ab41_ps-3_d09cb594,notes,Maya,ab41_ps-3,data/raw/notes/Ab/Maya/ab41_ps-3.wav,16000,3.328,
notes_Maya_ab41_ps-5_bcc0c658,notes,Maya,ab41_ps-5,data/raw/notes/Ab/Maya/ab41_ps-5.wav,16000,3.328,
notes_Maya_ab41_ps-7_dcaf45d1,notes,Maya,ab41_ps-7,data/raw/notes/Ab/Maya/ab41_ps-7.wav,16000,3.328,
notes_Maya_ab42_91ab8182,notes,Maya,ab42,data/raw/notes/Ab/Maya/ab42.wav,16000,3.7226875,
notes_Maya_ab42_ps+12_542366f9,notes,Maya,ab42_ps+12,data/raw/notes/Ab/Maya/ab42_ps+12.wav,16000,3.1146875,
notes_Maya_ab42_ps+3_d5de1a31,notes,Maya,ab42_ps+3,data/raw/notes/Ab/Maya/ab42_ps+3.wav,16000,3.7226875,
notes_Maya_ab42_ps+5_5b633ba1,notes,Maya,ab42_ps+5,data/raw/notes/Ab/Maya/ab42_ps+5.wav,16000,3.6906875,
notes_Maya_ab42_ps+7_cb4ee76c,notes,Maya,ab42_ps+7,data/raw/notes/Ab/Maya/ab42_ps+7.wav,16000,3.7226875,
notes_Maya_ab42_ps-12_04bb72af,notes,Maya,ab42_ps-12,data/raw/notes/Ab/Maya/ab42_ps-12.wav,16000,3.6906875,
notes_Maya_ab42_ps-3_c9d3660c,notes,Maya,ab42_ps-3,data/raw/notes/Ab/Maya/ab42_ps-3.wav,16000,3.7226875,
notes_Maya_ab42_ps-5_bee96a0e,notes,Maya,ab42_ps-5,data/raw/notes/Ab/Maya/ab42_ps-5.wav,16000,3.7226875,
notes_Maya_ab42_ps-7_626510aa,notes,Maya,ab42_ps-7,data/raw/notes/Ab/Maya/ab42_ps-7.wav,16000,3.6906875,
notes_Maya_ab43_96b59a1d,notes,Maya,ab43,data/raw/notes/Ab/Maya/ab43.wav,16000,3.253375,
notes_Maya_ab43_ps+12_11700503,notes,Maya,ab43_ps+12,data/raw/notes/Ab/Maya/ab43_ps+12.wav,16000,3.253375,
notes_Maya_ab43_ps+3_14656ad1,notes,Maya,ab43_ps+3,data/raw/notes/Ab/Maya/ab43_ps+3.wav,16000,3.317375,
notes_Maya_ab43_ps+5_04735572,notes,Maya,ab43_ps+5,data/raw/notes/Ab/Maya/ab43_ps+5.wav,16000,3.285375,
notes_Maya_ab43_ps+7_16f44273,notes,Maya,ab43_ps+7,data/raw/notes/Ab/Maya/ab43_ps+7.wav,16000,3.285375,
notes_Maya_ab43_ps-12_e6a05a42,notes,Maya,ab43_ps-12,data/raw/notes/Ab/Maya/ab43_ps-12.wav,16000,3.317375,
notes_Maya_ab43_ps-3_9ed652ca,notes,Maya,ab43_ps-3,data/raw/notes/Ab/Maya/ab43_ps-3.wav,16000,3.605375,
notes_Maya_ab43_ps-5_abbaed12,notes,Maya,ab43_ps-5,data/raw/notes/Ab/Maya/ab43_ps-5.wav,16000,3.317375,
notes_Maya_ab43_ps-7_a43a935d,notes,Maya,ab43_ps-7,data/raw/notes/Ab/Maya/ab43_ps-7.wav,16000,3.605375,
notes_Maya_ab44_329601b4,notes,Maya,ab44,data/raw/notes/Ab/Maya/ab44.wav,16000,4.3306875,
notes_Maya_ab44_ps+12_5b7e0cb9,notes,Maya,ab44_ps+12,data/raw/notes/Ab/Maya/ab44_ps+12.wav,16000,4.3306875,
notes_Maya_ab44_ps+3_fbcc8dee,notes,Maya,ab44_ps+3,data/raw/notes/Ab/Maya/ab44_ps+3.wav,16000,4.3626875,
notes_Maya_ab44_ps+5_7eaa7a40,notes,Maya,ab44_ps+5,data/raw/notes/Ab/Maya/ab44_ps+5.wav,16000,4.3626875,
notes_Maya_ab44_ps+7_1aa38e7d,notes,Maya,ab44_ps+7,data/raw/notes/Ab/Maya/ab44_ps+7.wav,16000,4.3626875,
notes_Maya_ab44_ps-12_0a7557ba,notes,Maya,ab44_ps-12,data/raw/notes/Ab/Maya/ab44_ps-12.wav,16000,4.3946875,
notes_Maya_ab44_ps-3_a6e076e1,notes,Maya,ab44_ps-3,data/raw/notes/Ab/Maya/ab44_ps-3.wav,16000,4.3946875,
notes_Maya_ab44_ps-5_f25c7d18,notes,Maya,ab44_ps-5,data/raw/notes/Ab/Maya/ab44_ps-5.wav,16000,4.3626875,
notes_Maya_ab44_ps-7_de448779,notes,Maya,ab44_ps-7,data/raw/notes/Ab/Maya/ab44_ps-7.wav,16000,4.3946875,
notes_Ab_ab5_f749ad32,notes,Ab,ab5,data/raw/notes/Ab/ab5.wav,16000,1.9626875,
notes_Ab_ab5_ps+12_278e9d68,notes,Ab,ab5_ps+12,data/raw/notes/Ab/ab5_ps+12.wav,16000,1.9626875,
notes_Ab_ab5_ps+3_75b373f0,notes,Ab,ab5_ps+3,data/raw/notes/Ab/ab5_ps+3.wav,16000,1.9626875,
notes_Ab_ab5_ps+5_a6ecc856,notes,Ab,ab5_ps+5,data/raw/notes/Ab/ab5_ps+5.wav,16000,1.9626875,
notes_Ab_ab5_ps+7_f33f8b21,notes,Ab,ab5_ps+7,data/raw/notes/Ab/ab5_ps+7.wav,16000,1.9626875,
notes_Ab_ab5_ps-12_1f870b38,notes,Ab,ab5_ps-12,data/raw/notes/Ab/ab5_ps-12.wav,16000,1.9626875,
notes_Ab_ab5_ps-3_1503b4d2,notes,Ab,ab5_ps-3,data/raw/notes/Ab/ab5_ps-3.wav,16000,1.9626875,
notes_Ab_ab5_ps-5_7a805165,notes,Ab,ab5_ps-5,data/raw/notes/Ab/ab5_ps-5.wav,16000,1.9626875,
notes_Ab_ab5_ps-7_701683b0,notes,Ab,ab5_ps-7,data/raw/notes/Ab/ab5_ps-7.wav,16000,1.9626875,
notes_Brandon_b21_aeb22fb5,notes,Brandon,b21,data/raw/notes/B/Brandon/b21.wav,16000,1.7586875,
notes_Brandon_b22_93e9c116,notes,Brandon,b22,data/raw/notes/B/Brandon/b22.wav,16000,1.641375,
notes_Brandon_b23_45630486,notes,Brandon,b23,data/raw/notes/B/Brandon/b23.wav,16000,1.4706875,
notes_Brandon_b24_61a7b82d,notes,Brandon,b24,data/raw/notes/B/Brandon/b24.wav,16000,2.068,
notes_Brandon_b25_529980bf,notes,Brandon,b25,data/raw/notes/B/Brandon/b25.wav,16000,2.1,
notes_Maya_b41_85576813,notes,Maya,b41,data/raw/notes/B/Maya/b41.wav,16000,2.5386875,
notes_Maya_b41_ps+12_898ca9e8,notes,Maya,b41_ps+12,data/raw/notes/B/Maya/b41_ps+12.wav,16000,2.5386875,
notes_Maya_b41_ps+3_47de6f1b,notes,Maya,b41_ps+3,data/raw/notes/B/Maya/b41_ps+3.wav,16000,2.5706875,
notes_Maya_b41_ps+5_a6164c50,notes,Maya,b41_ps+5,data/raw/notes/B/Maya/b41_ps+5.wav,16000,2.5386875,
notes_Maya_b41_ps+7_a57f2de4,notes,Maya,b41_ps+7,data/raw/notes/B/Maya/b41_ps+7.wav,16000,2.5386875,
notes_Maya_b41_ps-12_ba28f37c,notes,Maya,b41_ps-12,data/raw/notes/B/Maya/b41_ps-12.wav,16000,2.5706875,
notes_Maya_b41_ps-3_4ca4016b,notes,Maya,b41_ps-3,data/raw/notes/B/Maya/b41_ps-3.wav,16000,2.5386875,
notes_Maya_b41_ps-5_8f7cadbb,notes,Maya,b41_ps-5,data/raw/notes/B/Maya/b41_ps-5.wav,16000,2.5386875,
notes_Maya_b41_ps-7_35d7f463,notes,Maya,b41_ps-7,data/raw/notes/B/Maya/b41_ps-7.wav,16000,2.5706875,
notes_Maya_b42_782c5345,notes,Maya,b42,data/raw/notes/B/Maya/b42.wav,16000,2.293375,
notes_Maya_b42_ps+12_08995c43,notes,Maya,b42_ps+12,data/raw/notes/B/Maya/b42_ps+12.wav,16000,2.325375,
notes_Maya_b42_ps+3_152c676e,notes,Maya,b42_ps+3,data/raw/notes/B/Maya/b42_ps+3.wav,16000,2.325375,
notes_Maya_b42_ps+5_e20041f2,notes,Maya,b42_ps+5,data/raw/notes/B/Maya/b42_ps+5.wav,16000,2.325375,
notes_Maya_b42_ps+7_ee9db91a,notes,Maya,b42_ps+7,data/raw/notes/B/Maya/b42_ps+7.wav,16000,2.325375,
notes_Maya_b42_ps-12_a28107c0,notes,Maya,b42_ps-12,data/raw/notes/B/Maya/b42_ps-12.wav,16000,2.357375,
notes_Maya_b42_ps-3_0859c137,notes,Maya,b42_ps-3,data/raw/notes/B/Maya/b42_ps-3.wav,16000,2.293375,
notes_Maya_b42_ps-5_b38e35a1,notes,Maya,b42_ps-5,data/raw/notes/B/Maya/b42_ps-5.wav,16000,2.293375,
notes_Maya_b42_ps-7_9717fb42,notes,Maya,b42_ps-7,data/raw/notes/B/Maya/b42_ps-7.wav,16000,2.293375,
notes_Maya_b43_cc72804a,notes,Maya,b43,data/raw/notes/B/Maya/b43.wav,16000,2.3146875,
notes_Maya_b43_ps+12_6406b187,notes,Maya,b43_ps+12,data/raw/notes/B/Maya/b43_ps+12.wav,16000,2.3146875,
notes_Maya_b43_ps+3_171956e9,notes,Maya,b43_ps+3,data/raw/notes/B/Maya/b43_ps+3.wav,16000,2.3466875,
notes_Maya_b43_ps+5_fec9c835,notes,Maya,b43_ps+5,data/raw/notes/B/Maya/b43_ps+5.wav,16000,2.3466875,
notes_Maya_b43_ps+7_bf1f6446,notes,Maya,b43_ps+7,data/raw/notes/B/Maya/b43_ps+7.wav,16000,2.3146875,
notes_Maya_b43_ps-12_b8161395,notes,Maya,b43_ps-12,data/raw/notes/B/Maya/b43_ps-12.wav,16000,2.3466875,
notes_Maya_b43_ps-3_37f3dd8f,notes,Maya,b43_ps-3,data/raw/notes/B/Maya/b43_ps-3.wav,16000,2.3466875,
notes_Maya_b43_ps-5_a52fc7b4,notes,Maya,b43_ps-5,data/raw/notes/B/Maya/b43_ps-5.wav,16000,2.3466875,
notes_Maya_b43_ps-7_a01db379,notes,Maya,b43_ps-7,data/raw/notes/B/Maya/b43_ps-7.wav,16000,2.3466875,
notes_Maya_b44_1e6f1958,notes,Maya,b44,data/raw/notes/B/Maya/b44.wav,16000,2.165375,
notes_Maya_b44_ps+12_a494a26f,notes,Maya,b44_ps+12,data/raw/notes/B/Maya/b44_ps+12.wav,16000,2.165375,
notes_Maya_b44_ps+3_d5d04610,notes,Maya,b44_ps+3,data/raw/notes/B/Maya/b44_ps+3.wav,16000,2.197375,
notes_Maya_b44_ps+5_84e3a460,notes,Maya,b44_ps+5,data/raw/notes/B/Maya/b44_ps+5.wav,16000,2.197375,
notes_Maya_b44_ps+7_e9872e2e,notes,Maya,b44_ps+7,data/raw/notes/B/Maya/b44_ps+7.wav,16000,2.197375,
notes_Maya_b44_ps-12_2a16e55c,notes,Maya,b44_ps-12,data/raw/notes/B/Maya/b44_ps-12.wav,16000,2.229375,
notes_Maya_b44_ps-3_e03a8985,notes,Maya,b44_ps-3,data/raw/notes/B/Maya/b44_ps-3.wav,16000,2.229375,
notes_Maya_b44_ps-5_e0c444b8,notes,Maya,b44_ps-5,data/raw/notes/B/Maya/b44_ps-5.wav,16000,2.229375,
notes_Maya_b44_ps-7_cd1a4f70,notes,Maya,b44_ps-7,data/raw/notes/B/Maya/b44_ps-7.wav,16000,2.197375,
notes_B_b4_b4e29b6b,notes,B,b4,data/raw/notes/B/b4.wav,16000,2.4746875,
notes_B_b4_ps+12_18632474,notes,B,b4_ps+12,data/raw/notes/B/b4_ps+12.wav,16000,2.4746875,
notes_B_b4_ps+3_691125f8,notes,B,b4_ps+3,data/raw/notes/B/b4_ps+3.wav,16000,2.4746875,
notes_B_b4_ps+5_7cf47f10,notes,B,b4_ps+5,data/raw/notes/B/b4_ps+5.wav,16000,2.4746875,
notes_B_b4_ps+7_cf4cde02,notes,B,b4_ps+7,data/raw/notes/B/b4_ps+7.wav,16000,2.4746875,
notes_B_b4_ps-12_c200d050,notes,B,b4_ps-12,data/raw/notes/B/b4_ps-12.wav,16000,2.4746875,
notes_B_b4_ps-3_324947a0,notes,B,b4_ps-3,data/raw/notes/B/b4_ps-3.wav,16000,2.4746875,
notes_B_b4_ps-5_b1b96f1b,notes,B,b4_ps-5,data/raw/notes/B/b4_ps-5.wav,16000,2.4746875,
notes_B_b4_ps-7_66af278e,notes,B,b4_ps-7,data/raw/notes/B/b4_ps-7.wav,16000,2.4746875,
notes_Brandon_bb21_1404680a,notes,Brandon,bb21,data/raw/notes/Bb/Brandon/bb21.wav,16000,1.908,
notes_Brandon_bb22_6cf28c4a,notes,Brandon,bb22,data/raw/notes/Bb/Brandon/bb22.wav,16000,2.057375,
notes_Brandon_bb23_0e14192e,notes,Brandon,bb23,data/raw/notes/Bb/Brandon/bb23.wav,16000,1.865375,
notes_Brandon_bb24_7b830e3f,notes,Brandon,bb24,data/raw/notes/Bb/Brandon/bb24.wav,16000,2.036,
notes_Brandon_bb25_a778c200,notes,Brandon,bb25,data/raw/notes/Bb/Brandon/bb25.wav,16000,2.1,
notes_Bb_bb4_ad376a71,notes,Bb,bb4,data/raw/notes/Bb/bb4.wav,16000,2.9866875,
notes_Bb_bb41_d73940ae,notes,Bb,bb41,data/raw/notes/Bb/bb41.wav,16000,2.8586875,
notes_Bb_bb41_ps+12_a2ccf32c,notes,Bb,bb41_ps+12,data/raw/notes/Bb/bb41_ps+12.wav,16000,2.4746875,
notes_Bb_bb41_ps+3_113bd1cf,notes,Bb,bb41_ps+3,data/raw/notes/Bb/bb41_ps+3.wav,16000,2.8586875,
notes_Bb_bb41_ps+5_f5a95156,notes,Bb,bb41_ps+5,data/raw/notes/Bb/bb41_ps+5.wav,16000,2.4746875,
notes_Bb_bb41_ps+7_00536fc3,notes,Bb,bb41_ps+7,data/raw/notes/Bb/bb41_ps+7.wav,16000,2.4746875,
notes_Bb_bb41_ps-12_9c66aff7,notes,Bb,bb41_ps-12,data/raw/notes/Bb/bb41_ps-12.wav,16000,2.5386875,
notes_Bb_bb41_ps-3_e6001095,notes,Bb,bb41_ps-3,data/raw/notes/Bb/bb41_ps-3.wav,16000,2.8586875,
notes_Bb_bb41_ps-5_4ff09ced,notes,Bb,bb41_ps-5,data/raw/notes/Bb/bb41_ps-5.wav,16000,2.8266875,
notes_Bb_bb41_ps-7_efd254cd,notes,Bb,bb41_ps-7,data/raw/notes/Bb/bb41_ps-7.wav,16000,2.8906875,
notes_Bb_bb42_87354bc5,notes,Bb,bb42,data/raw/notes/Bb/bb42.wav,16000,3.0826875,
notes_Bb_bb42_ps+12_716656e0,notes,Bb,bb42_ps+12,data/raw/notes/Bb/bb42_ps+12.wav,16000,2.6986875,
notes_Bb_bb42_ps+3_91923805,notes,Bb,bb42_ps+3,data/raw/notes/Bb/bb42_ps+3.wav,16000,2.7306875,
notes_Bb_bb42_ps+5_803dec90,notes,Bb,bb42_ps+5,data/raw/notes/Bb/bb42_ps+5.wav,16000,3.0826875,
notes_Bb_bb42_ps+7_820dac17,notes,Bb,bb42_ps+7,data/raw/notes/Bb/bb42_ps+7.wav,16000,3.1146875,
notes_Bb_bb42_ps-12_e4404332,notes,Bb,bb42_ps-12,data/raw/notes/Bb/bb42_ps-12.wav,16000,3.1146875,
notes_Bb_bb42_ps-3_b2b6d6bd,notes,Bb,bb42_ps-3,data/raw/notes/Bb/bb42_ps-3.wav,16000,3.0506875,
notes_Bb_bb42_ps-5_26be2013,notes,Bb,bb42_ps-5,data/raw/notes/Bb/bb42_ps-5.wav,16000,2.7626875,
notes_Bb_bb42_ps-7_7e50d19d,notes,Bb,bb42_ps-7,data/raw/notes/Bb/bb42_ps-7.wav,16000,2.7626875,
notes_Bb_bb43_e5062afd,notes,Bb,bb43,data/raw/notes/Bb/bb43.wav,16000,2.7306875,
notes_Bb_bb43_ps+12_37e9996f,notes,Bb,bb43_ps+12,data/raw/notes/Bb/bb43_ps+12.wav,16000,2.7626875,
notes_Bb_bb43_ps+3_c62f287b,notes,Bb,bb43_ps+3,data/raw/notes/Bb/bb43_ps+3.wav,16000,2.8906875,
notes_Bb_bb43_ps+5_c465bb5b,notes,Bb,bb43_ps+5,data/raw/notes/Bb/bb43_ps+5.wav,16000,2.7626875,
notes_Bb_bb43_ps+7_7b725de6,notes,Bb,bb43_ps+7,data/raw/notes/Bb/bb43_ps+7.wav,16000,2.7626875,
notes_Bb_bb43_ps-12_fe2a26b0,notes,Bb,bb43_ps-12,data/raw/notes/Bb/bb43_ps-12.wav,16000,2.8266875,
notes_Bb_bb43_ps-3_c4f57024,notes,Bb,bb43_ps-3,data/raw/notes/Bb/bb43_ps-3.wav,16000,2.7626875,
notes_Bb_bb43_ps-5_2765d6df,notes,Bb,bb43_ps-5,data/raw/notes/Bb/bb43_ps-5.wav,16000,2.7946875,
notes_Bb_bb43_ps-7_8dee1d26,notes,Bb,bb43_ps-7,data/raw/notes/Bb/bb43_ps-7.wav,16000,2.7946875,
notes_Bb_bb44_3977df84,notes,Bb,bb44,data/raw/notes/Bb/bb44.wav,16000,2.688,
notes_Bb_bb44_ps+12_84961eb0,notes,Bb,bb44_ps+12,data/raw/notes/Bb/bb44_ps+12.wav,16000,2.688,
notes_Bb_bb44_ps+3_29552e5f,notes,Bb,bb44_ps+3,data/raw/notes/Bb/bb44_ps+3.wav,16000,2.752,
notes_Bb_bb44_ps+5_3405f1cb,notes,Bb,bb44_ps+5,data/raw/notes/Bb/bb44_ps+5.wav,16000,2.784,
notes_Bb_bb44_ps+7_ac662fdf,notes,Bb,bb44_ps+7,data/raw/notes/Bb/bb44_ps+7.wav,16000,2.784,
notes_Bb_bb44_ps-12_8380e042,notes,Bb,bb44_ps-12,data/raw/notes/Bb/bb44_ps-12.wav,16000,2.848,
notes_Bb_bb44_ps-3_7718ae26,notes,Bb,bb44_ps-3,data/raw/notes/Bb/bb44_ps-3.wav,16000,2.72,
notes_Bb_bb44_ps-5_2f513ab8,notes,Bb,bb44_ps-5,data/raw/notes/Bb/bb44_ps-5.wav,16000,2.88,
notes_Bb_bb44_ps-7_48afe882,notes,Bb,bb44_ps-7,data/raw/notes/Bb/bb44_ps-7.wav,16000,2.784,
notes_Bb_bb4_ps+12_ded6ac26,notes,Bb,bb4_ps+12,data/raw/notes/Bb/bb4_ps+12.wav,16000,2.9866875,
notes_Bb_bb4_ps+3_48365f64,notes,Bb,bb4_ps+3,data/raw/notes/Bb/bb4_ps+3.wav,16000,2.9866875,
notes_Bb_bb4_ps+5_8c17dee0,notes,Bb,bb4_ps+5,data/raw/notes/Bb/bb4_ps+5.wav,16000,2.976,
notes_Bb_bb4_ps+7_92c12713,notes,Bb,bb4_ps+7,data/raw/notes/Bb/bb4_ps+7.wav,16000,2.976,
notes_Bb_bb4_ps-12_cb8df088,notes,Bb,bb4_ps-12,data/raw/notes/Bb/bb4_ps-12.wav,16000,2.9546875,
notes_Bb_bb4_ps-3_6ac31328,notes,Bb,bb4_ps-3,data/raw/notes/Bb/bb4_ps-3.wav,16000,2.816,
notes_Bb_bb4_ps-5_7deca2f7,notes,Bb,bb4_ps-5,data/raw/notes/Bb/bb4_ps-5.wav,16000,2.9546875,
notes_Bb_bb4_ps-7_dd1de51c,notes,Bb,bb4_ps-7,data/raw/notes/Bb/bb4_ps-7.wav,16000,2.88,
notes_Brandon_c31_7816bc76,notes,Brandon,c31,data/raw/notes/C/Brandon/c31.wav,16000,1.524,
notes_Brandon_c32_e7dbee32,notes,Brandon,c32,data/raw/notes/C/Brandon/c32.wav,16000,1.801375,
notes_Brandon_c33_12f8acca,notes,Brandon,c33,data/raw/notes/C/Brandon/c33.wav,16000,1.844,
notes_Brandon_c34_a27b9b2d,notes,Brandon,c34,data/raw/notes/C/Brandon/c34.wav,16000,1.961375,
notes_Brandon_c35_c7472443,notes,Brandon,c35,data/raw/notes/C/Brandon/c35.wav,16000,2.0146875,
notes_Maya_c41_091068f3,notes,Maya,c41,data/raw/notes/C/Maya/c41.wav,16000,3.392,
notes_Maya_c41_ps+12_27eb9310,notes,Maya,c41_ps+12,data/raw/notes/C/Maya/c41_ps+12.wav,16000,3.392,
notes_Maya_c41_ps+3_eae623ba,notes,Maya,c41_ps+3,data/raw/notes/C/Maya/c41_ps+3.wav,16000,3.424,
notes_Maya_c41_ps+5_c9e3fae5,notes,Maya,c41_ps+5,data/raw/notes/C/Maya/c41_ps+5.wav,16000,3.712,
notes_Maya_c41_ps+7_c47ef310,notes,Maya,c41_ps+7,data/raw/notes/C/Maya/c41_ps+7.wav,16000,3.424,
notes_Maya_c41_ps-12_997a31fe,notes,Maya,c41_ps-12,data/raw/notes/C/Maya/c41_ps-12.wav,16000,3.456,
notes_Maya_c41_ps-3_fd0c2b79,notes,Maya,c41_ps-3,data/raw/notes/C/Maya/c41_ps-3.wav,16000,3.424,
notes_Maya_c41_ps-5_acf2a804,notes,Maya,c41_ps-5,data/raw/notes/C/Maya/c41_ps-5.wav,16000,3.424,
notes_Maya_c41_ps-7_9cd09645,notes,Maya,c41_ps-7,data/raw/notes/C/Maya/c41_ps-7.wav,16000,3.424,
notes_Maya_c42_f0dfc9a3,notes,Maya,c42,data/raw/notes/C/Maya/c42.wav,16000,2.7306875,
notes_Maya_c42_ps+12_6145534b,notes,Maya,c42_ps+12,data/raw/notes/C/Maya/c42_ps+12.wav,16000,2.7306875,
notes_Maya_c42_ps+3_3d3c5d21,notes,Maya,c42_ps+3,data/raw/notes/C/Maya/c42_ps+3.wav,16000,2.7306875,
notes_Maya_c42_ps+5_cd344075,notes,Maya,c42_ps+5,data/raw/notes/C/Maya/c42_ps+5.wav,16000,2.7306875,
notes_Maya_c42_ps+7_2168e28c,notes,Maya,c42_ps+7,data/raw/notes/C/Maya/c42_ps+7.wav,16000,2.7306875,
notes_Maya_c42_ps-12_47a7691e,notes,Maya,c42_ps-12,data/raw/notes/C/Maya/c42_ps-12.wav,16000,2.7306875,
notes_Maya_c42_ps-3_1a372abf,notes,Maya,c42_ps-3,data/raw/notes/C/Maya/c42_ps-3.wav,16000,2.7306875,
notes_Maya_c42_ps-5_9c9e3b8e,notes,Maya,c42_ps-5,data/raw/notes/C/Maya/c42_ps-5.wav,16000,2.7306875,
notes_Maya_c42_ps-7_552dc064,notes,Maya,c42_ps-7,data/raw/notes/C/Maya/c42_ps-7.wav,16000,2.7306875,
notes_Maya_c43_fde5196d,notes,Maya,c43,data/raw/notes/C/Maya/c43.wav,16000,3.8186875,
notes_Maya_c43_ps+12_db221bf7,notes,Maya,c43_ps+12,data/raw/notes/C/Maya/c43_ps+12.wav,16000,3.8186875,
notes_Maya_c43_ps+3_7d74316d,notes,Maya,c43_ps+3,data/raw/notes/C/Maya/c43_ps+3.wav,16000,3.8506875,
notes_Maya_c43_ps+5_88ef6aaf,notes,Maya,c43_ps+5,data/raw/notes/C/Maya/c43_ps+5.wav,16000,3.8506875,
notes_Maya_c43_ps+7_90f52fc1,notes,Maya,c43_ps+7,data/raw/notes/C/Maya/c43_ps+7.wav,16000,3.8186875,
notes_Maya_c43_ps-12_c6647526,notes,Maya,c43_ps-12,data/raw/notes/C/Maya/c43_ps-12.wav,16000,3.8826875,
notes_Maya_c43_ps-3_365efbb1,notes,Maya,c43_ps-3,data/raw/notes/C/Maya/c43_ps-3.wav,16000,3.8826875,
notes_Maya_c43_ps-5_5fff8c06,notes,Maya,c43_ps-5,data/raw/notes/C/Maya/c43_ps-5.wav,16000,3.8826875,
notes_Maya_c43_ps-7_fff87ba9,notes,Maya,c43_ps-7,data/raw/notes/C/Maya/c43_ps-7.wav,16000,3.8826875,
notes_Maya_c44_2f7b8f64,notes,Maya,c44,data/raw/notes/C/Maya/c44.wav,16000,4.704,
notes_Maya_c44_ps+12_a47d5777,notes,Maya,c44_ps+12,data/raw/notes/C/Maya/c44_ps+12.wav,16000,4.672,
notes_Maya_c44_ps+3_4c5003ad,notes,Maya,c44_ps+3,data/raw/notes/C/Maya/c44_ps+3.wav,16000,5.312,
notes_Maya_c44_ps+5_37dd3c1b,notes,Maya,c44_ps+5,data/raw/notes/C/Maya/c44_ps+5.wav,16000,4.704,
notes_Maya_c44_ps+7_a9bd237a,notes,Maya,c44_ps+7,data/raw/notes/C/Maya/c44_ps+7.wav,16000,5.248,
notes_Maya_c44_ps-12_5fefc59c,notes,Maya,c44_ps-12,data/raw/notes/C/Maya/c44_ps-12.wav,16000,5.248,
notes_Maya_c44_ps-3_974ec568,notes,Maya,c44_ps-3,data/raw/notes/C/Maya/c44_ps-3.wav,16000,4.704,
notes_Maya_c44_ps-5_cb1b522c,notes,Maya,c44_ps-5,data/raw/notes/C/Maya/c44_ps-5.wav,16000,4.736,
notes_Maya_c44_ps-7_936432ba,notes,Maya,c44_ps-7,data/raw/notes/C/Maya/c44_ps-7.wav,16000,5.216,
notes_C_c5_beecdbaa,notes,C,c5,data/raw/notes/C/c5.wav,16000,2.56,
notes_C_c5_ps+12_5222e62f,notes,C,c5_ps+12,data/raw/notes/C/c5_ps+12.wav,16000,2.56,
notes_C_c5_ps+3_47d654c6,notes,C,c5_ps+3,data/raw/notes/C/c5_ps+3.wav,16000,2.56,
notes_C_c5_ps+5_189ae582,notes,C,c5_ps+5,data/raw/notes/C/c5_ps+5.wav,16000,2.56,
notes_C_c5_ps+7_1eb4888d,notes,C,c5_ps+7,data/raw/notes/C/c5_ps+7.wav,16000,2.56,
notes_C_c5_ps-12_499c212e,notes,C,c5_ps-12,data/raw/notes/C/c5_ps-12.wav,16000,2.528,
notes_C_c5_ps-3_9f8306de,notes,C,c5_ps-3,data/raw/notes/C/c5_ps-3.wav,16000,2.56,
notes_C_c5_ps-5_a04e2c42,notes,C,c5_ps-5,data/raw/notes/C/c5_ps-5.wav,16000,2.56,
notes_C_c5_ps-7_0c2140c6,notes,C,c5_ps-7,data/raw/notes/C/c5_ps-7.wav,16000,2.56,
notes_Maya_c#1_c0a2b14b,notes,Maya,c#1,data/raw/notes/C#/Maya/c#1.wav,16000,3.7546875,
notes_Maya_c#1_ps+12_58206903,notes,Maya,c#1_ps+12,data/raw/notes/C#/Maya/c#1_ps+12.wav,16000,3.7546875,
notes_Maya_c#1_ps+3_369987c3,notes,Maya,c#1_ps+3,data/raw/notes/C#/Maya/c#1_ps+3.wav,16000,3.7546875,
notes_Maya_c#1_ps+5_c3df19d9,notes,Maya,c#1_ps+5,data/raw/notes/C#/Maya/c#1_ps+5.wav,16000,3.7546875,
notes_Maya_c#1_ps+7_431d0a35,notes,Maya,c#1_ps+7,data/raw/notes/C#/Maya/c#1_ps+7.wav,16000,3.7546875,
notes_Maya_c#1_ps-12_19db6ac3,notes,Maya,c#1_ps-12,data/raw/notes/C#/Maya/c#1_ps-12.wav,16000,3.7546875,
notes_Maya_c#1_ps-3_180b265b,notes,Maya,c#1_ps-3,data/raw/notes/C#/Maya/c#1_ps-3.wav,16000,3.7546875,
notes_Maya_c#1_ps-5_57665563,notes,Maya,c#1_ps-5,data/raw/notes/C#/Maya/c#1_ps-5.wav,16000,3.7546875,
notes_Maya_c#1_ps-7_d6eaec71,notes,Maya,c#1_ps-7,data/raw/notes/C#/Maya/c#1_ps-7.wav,16000,3.7546875,
notes_Maya_c#2_16cad7e5,notes,Maya,c#2,data/raw/notes/C#/Maya/c#2.wav,16000,4.437375,
notes_Maya_c#2_ps+12_c1dd4342,notes,Maya,c#2_ps+12,data/raw/notes/C#/Maya/c#2_ps+12.wav,16000,4.437375,
notes_Maya_c#2_ps+3_27bfa540,notes,Maya,c#2_ps+3,data/raw/notes/C#/Maya/c#2_ps+3.wav,16000,4.437375,
notes_Maya_c#2_ps+5_317130f7,notes,Maya,c#2_ps+5,data/raw/notes/C#/Maya/c#2_ps+5.wav,16000,4.437375,
notes_Maya_c#2_ps+7_4a4da9e7,notes,Maya,c#2_ps+7,data/raw/notes/C#/Maya/c#2_ps+7.wav,16000,4.437375,
notes_Maya_c#2_ps-12_2169dc2a,notes,Maya,c#2_ps-12,data/raw/notes/C#/Maya/c#2_ps-12.wav,16000,4.437375,
notes_Maya_c#2_ps-3_7e05b5ef,notes,Maya,c#2_ps-3,data/raw/notes/C#/Maya/c#2_ps-3.wav,16000,4.437375,
notes_Maya_c#2_ps-5_98e7dbb1,notes,Maya,c#2_ps-5,data/raw/notes/C#/Maya/c#2_ps-5.wav,16000,4.437375,
notes_Maya_c#2_ps-7_c98d274d,notes,Maya,c#2_ps-7,data/raw/notes/C#/Maya/c#2_ps-7.wav,16000,4.437375,
notes_Maya_c#3_449130c9,notes,Maya,c#3,data/raw/notes/C#/Maya/c#3.wav,16000,4.917375,
notes_Maya_c#3_ps+12_9bc8bfe9,notes,Maya,c#3_ps+12,data/raw/notes/C#/Maya/c#3_ps+12.wav,16000,4.864,
notes_Maya_c#3_ps+3_e0e545ad,notes,Maya,c#3_ps+3,data/raw/notes/C#/Maya/c#3_ps+3.wav,16000,4.928,
notes_Maya_c#3_ps+5_0b00e18c,notes,Maya,c#3_ps+5,data/raw/notes/C#/Maya/c#3_ps+5.wav,16000,4.896,
notes_Maya_c#3_ps+7_0ee8b303,notes,Maya,c#3_ps+7,data/raw/notes/C#/Maya/c#3_ps+7.wav,16000,4.864,
notes_Maya_c#3_ps-12_274cf985,notes,Maya,c#3_ps-12,data/raw/notes/C#/Maya/c#3_ps-12.wav,16000,4.917375,
notes_Maya_c#3_ps-3_7f7e910b,notes,Maya,c#3_ps-3,data/raw/notes/C#/Maya/c#3_ps-3.wav,16000,4.832,
notes_Maya_c#3_ps-5_a85b6359,notes,Maya,c#3_ps-5,data/raw/notes/C#/Maya/c#3_ps-5.wav,16000,4.864,
notes_Maya_c#3_ps-7_39a8e9d4,notes,Maya,c#3_ps-7,data/raw/notes/C#/Maya/c#3_ps-7.wav,16000,4.949375,
notes_Maya_c#4_e64c511b,notes,Maya,c#4,data/raw/notes/C#/Maya/c#4.wav,16000,4.629375,
notes_Maya_c#4_ps+12_5aee2c2b,notes,Maya,c#4_ps+12,data/raw/notes/C#/Maya/c#4_ps+12.wav,16000,4.277375,
notes_Maya_c#4_ps+3_c49ac01e,notes,Maya,c#4_ps+3,data/raw/notes/C#/Maya/c#4_ps+3.wav,16000,4.661375,
notes_Maya_c#4_ps+5_5d5c1227,notes,Maya,c#4_ps+5,data/raw/notes/C#/Maya/c#4_ps+5.wav,16000,4.629375,
notes_Maya_c#4_ps+7_e94421e9,notes,Maya,c#4_ps+7,data/raw/notes/C#/Maya/c#4_ps+7.wav,16000,4.245375,
notes_Maya_c#4_ps-12_1181cb0b,notes,Maya,c#4_ps-12,data/raw/notes/C#/Maya/c#4_ps-12.wav,16000,4.629375,
notes_Maya_c#4_ps-3_94873d42,notes,Maya,c#4_ps-3,data/raw/notes/C#/Maya/c#4_ps-3.wav,16000,4.661375,
notes_Maya_c#4_ps-5_52d0d875,notes,Maya,c#4_ps-5,data/raw/notes/C#/Maya/c#4_ps-5.wav,16000,4.661375,
notes_Maya_c#4_ps-7_caa796a4,notes,Maya,c#4_ps-7,data/raw/notes/C#/Maya/c#4_ps-7.wav,16000,4.661375,
notes_C#_c#5_497faf26,notes,C#,c#5,data/raw/notes/C#/c#5.wav,16000,1.792,
notes_C#_c#5_ps+12_ff3b87a5,notes,C#,c#5_ps+12,data/raw/notes/C#/c#5_ps+12.wav,16000,1.792,
notes_C#_c#5_ps+3_d06c74eb,notes,C#,c#5_ps+3,data/raw/notes/C#/c#5_ps+3.wav,16000,1.792,
notes_C#_c#5_ps+5_9220eb60,notes,C#,c#5_ps+5,data/raw/notes/C#/c#5_ps+5.wav,16000,1.792,
notes_C#_c#5_ps+7_b8948445,notes,C#,c#5_ps+7,data/raw/notes/C#/c#5_ps+7.wav,16000,1.792,
notes_C#_c#5_ps-12_8459ff56,notes,C#,c#5_ps-12,data/raw/notes/C#/c#5_ps-12.wav,16000,1.792,
notes_C#_c#5_ps-3_8d739325,notes,C#,c#5_ps-3,data/raw/notes/C#/c#5_ps-3.wav,16000,1.792,
notes_C#_c#5_ps-5_5fa71fbe,notes,C#,c#5_ps-5,data/raw/notes/C#/c#5_ps-5.wav,16000,1.792,
notes_C#_c#5_ps-7_3a9c3587,notes,C#,c#5_ps-7,data/raw/notes/C#/c#5_ps-7.wav,16000,1.792,
notes_Brandon_d31_36507b10,notes,Brandon,d31,data/raw/notes/D/Brandon/d31.wav,16000,1.716,
notes_Brandon_d32_d17f6d7d,notes,Brandon,d32,data/raw/notes/D/Brandon/d32.wav,16000,1.353375,
notes_Brandon_d33_94393d52,notes,Brandon,d33,data/raw/notes/D/Brandon/d33.wav,16000,1.5666875,
notes_Brandon_d34_31c7a610,notes,Brandon,d34,data/raw/notes/D/Brandon/d34.wav,16000,1.769375,
notes_Brandon_d35_507db5ef,notes,Brandon,d35,data/raw/notes/D/Brandon/d35.wav,16000,1.6626875,
notes_Maya_d41_c438c8f7,notes,Maya,d41,data/raw/notes/D/Maya/d41.wav,16000,2.6666875,
notes_Maya_d41_ps+12_362f067f,notes,Maya,d41_ps+12,data/raw/notes/D/Maya/d41_ps+12.wav,16000,2.6666875,
notes_Maya_d41_ps+3_68d74a27,notes,Maya,d41_ps+3,data/raw/notes/D/Maya/d41_ps+3.wav,16000,2.6986875,
notes_Maya_d41_ps+5_6a3e47a5,notes,Maya,d41_ps+5,data/raw/notes/D/Maya/d41_ps+5.wav,16000,2.6986875,
notes_Maya_d41_ps+7_2d740903,notes,Maya,d41_ps+7,data/raw/notes/D/Maya/d41_ps+7.wav,16000,2.6666875,
notes_Maya_d41_ps-12_8d6bc7ac,notes,Maya,d41_ps-12,data/raw/notes/D/Maya/d41_ps-12.wav,16000,2.6666875,
notes_Maya_d41_ps-3_f0197260,notes,Maya,d41_ps-3,data/raw/notes/D/Maya/d41_ps-3.wav,16000,2.6986875,
notes_Maya_d41_ps-5_7d6e85e1,notes,Maya,d41_ps-5,data/raw/notes/D/Maya/d41_ps-5.wav,16000,2.7306875,
notes_Maya_d41_ps-7_815066f1,notes,Maya,d41_ps-7,data/raw/notes/D/Maya/d41_ps-7.wav,16000,2.7306875,
notes_Maya_d42_80169db5,notes,Maya,d42,data/raw/notes/D/Maya/d42.wav,16000,2.645375,
notes_Maya_d42_ps+12_c4a7d27b,notes,Maya,d42_ps+12,data/raw/notes/D/Maya/d42_ps+12.wav,16000,2.645375,
notes_Maya_d42_ps+3_e9428f29,notes,Maya,d42_ps+3,data/raw/notes/D/Maya/d42_ps+3.wav,16000,2.645375,
notes_Maya_d42_ps+5_4b4f3bc1,notes,Maya,d42_ps+5,data/raw/notes/D/Maya/d42_ps+5.wav,16000,2.645375,
notes_Maya_d42_ps+7_b08dbf57,notes,Maya,d42_ps+7,data/raw/notes/D/Maya/d42_ps+7.wav,16000,2.645375,
notes_Maya_d42_ps-12_662b5b39,notes,Maya,d42_ps-12,data/raw/notes/D/Maya/d42_ps-12.wav,16000,2.645375,
notes_Maya_d42_ps-3_17b6396f,notes,Maya,d42_ps-3,data/raw/notes/D/Maya/d42_ps-3.wav,16000,2.645375,
notes_Maya_d42_ps-5_afc420d3,notes,Maya,d42_ps-5,data/raw/notes/D/Maya/d42_ps-5.wav,16000,2.645375,
notes_Maya_d42_ps-7_d1113a54,notes,Maya,d42_ps-7,data/raw/notes/D/Maya/d42_ps-7.wav,16000,2.613375,
notes_Maya_d43_d452f518,notes,Maya,d43,data/raw/notes/D/Maya/d43.wav,16000,2.7306875,
notes_Maya_d43_ps+12_54c65b05,notes,Maya,d43_ps+12,data/raw/notes/D/Maya/d43_ps+12.wav,16000,2.7306875,
notes_Maya_d43_ps+3_efb60cf0,notes,Maya,d43_ps+3,data/raw/notes/D/Maya/d43_ps+3.wav,16000,2.7306875,
notes_Maya_d43_ps+5_4cf9a11b,notes,Maya,d43_ps+5,data/raw/notes/D/Maya/d43_ps+5.wav,16000,2.7306875,
notes_Maya_d43_ps+7_e40ec937,notes,Maya,d43_ps+7,data/raw/notes/D/Maya/d43_ps+7.wav,16000,2.7306875,
notes_Maya_d43_ps-12_d9167cb4,notes,Maya,d43_ps-12,data/raw/notes/D/Maya/d43_ps-12.wav,16000,2.7306875,
notes_Maya_d43_ps-3_afa21f0f,notes,Maya,d43_ps-3,data/raw/notes/D/Maya/d43_ps-3.wav,16000,2.6986875,
notes_Maya_d43_ps-5_d6d21a73,notes,Maya,d43_ps-5,data/raw/notes/D/Maya/d43_ps-5.wav,16000,2.6986875,
notes_Maya_d43_ps-7_95812290,notes,Maya,d43_ps-7,data/raw/notes/D/Maya/d43_ps-7.wav,16000,2.7306875,
notes_Maya_d44_96c79467,notes,Maya,d44,data/raw/notes/D/Maya/d44.wav,16000,2.56,
notes_Maya_d44_ps+12_74e392c6,notes,Maya,d44_ps+12,data/raw/notes/D/Maya/d44_ps+12.wav,16000,2.56,
notes_Maya_d44_ps+3_716b3626,notes,Maya,d44_ps+3,data/raw/notes/D/Maya/d44_ps+3.wav,16000,2.56,
notes_Maya_d44_ps+5_96a729ef,notes,Maya,d44_ps+5,data/raw/notes/D/Maya/d44_ps+5.wav,16000,2.56,
notes_Maya_d44_ps+7_4006ed7d,notes,Maya,d44_ps+7,data/raw/notes/D/Maya/d44_ps+7.wav,16000,2.56,
notes_Maya_d44_ps-12_e5d4618c,notes,Maya,d44_ps-12,data/raw/notes/D/Maya/d44_ps-12.wav,16000,2.56,
notes_Maya_d44_ps-3_0123c1e0,notes,Maya,d44_ps-3,data/raw/notes/D/Maya/d44_ps-3.wav,16000,2.56,
notes_Maya_d44_ps-5_5a7335c3,notes,Maya,d44_ps-5,data/raw/notes/D/Maya/d44_ps-5.wav,16000,2.56,
notes_Maya_d44_ps-7_3f59fe1c,notes,Maya,d44_ps-7,data/raw/notes/D/Maya/d44_ps-7.wav,16000,2.56,
notes_D_d5_25cfa469,notes,D,d5,data/raw/notes/D/d5.wav,16000,1.888,
notes_D_d5_ps+12_8db33ee2,notes,D,d5_ps+12,data/raw/notes/D/d5_ps+12.wav,16000,1.76,
notes_D_d5_ps+3_7e8dcebb,notes,D,d5_ps+3,data/raw/notes/D/d5_ps+3.wav,16000,1.792,
notes_D_d5_ps+5_7110e186,notes,D,d5_ps+5,data/raw/notes/D/d5_ps+5.wav,16000,1.9626875,
notes_D_d5_ps+7_e29e2ee2,notes,D,d5_ps+7,data/raw/notes/D/d5_ps+7.wav,16000,1.664,
notes_D_d5_ps-12_92d680a8,notes,D,d5_ps-12,data/raw/notes/D/d5_ps-12.wav,16000,1.696,
notes_D_d5_ps-3_d848f5d5,notes,D,d5_ps-3,data/raw/notes/D/d5_ps-3.wav,16000,1.696,
notes_D_d5_ps-5_4ecb5e18,notes,D,d5_ps-5,data/raw/notes/D/d5_ps-5.wav,16000,1.92,
notes_D_d5_ps-7_56aa577a,notes,D,d5_ps-7,data/raw/notes/D/d5_ps-7.wav,16000,1.856,
notes_Brandon_e31_b83273b5,notes,Brandon,e31,data/raw/notes/E/Brandon/e31.wav,16000,1.556,
notes_Brandon_e32_aa69d572,notes,Brandon,e32,data/raw/notes/E/Brandon/e32.wav,16000,1.417375,
notes_Brandon_e33_80d25400,notes,Brandon,e33,data/raw/notes/E/Brandon/e33.wav,16000,1.705375,
notes_Brandon_e34_c1f92bd8,notes,Brandon,e34,data/raw/notes/E/Brandon/e34.wav,16000,1.641375,
notes_Brandon_e35_aaf87b56,notes,Brandon,e35,data/raw/notes/E/Brandon/e35.wav,16000,1.3,
notes_Maya_e41_30c92e3b,notes,Maya,e41,data/raw/notes/E/Maya/e41.wav,16000,3.552,
notes_Maya_e41_ps+12_a2db24df,notes,Maya,e41_ps+12,data/raw/notes/E/Maya/e41_ps+12.wav,16000,3.52,
notes_Maya_e41_ps+3_80798cda,notes,Maya,e41_ps+3,data/raw/notes/E/Maya/e41_ps+3.wav,16000,3.552,
notes_Maya_e41_ps+5_0dda1795,notes,Maya,e41_ps+5,data/raw/notes/E/Maya/e41_ps+5.wav,16000,3.584,
notes_Maya_e41_ps+7_23e8417a,notes,Maya,e41_ps+7,data/raw/notes/E/Maya/e41_ps+7.wav,16000,3.136,
notes_Maya_e41_ps-12_252a6515,notes,Maya,e41_ps-12,data/raw/notes/E/Maya/e41_ps-12.wav,16000,3.552,
notes_Maya_e41_ps-3_0c542f19,notes,Maya,e41_ps-3,data/raw/notes/E/Maya/e41_ps-3.wav,16000,3.552,
notes_Maya_e41_ps-5_cc65e89c,notes,Maya,e41_ps-5,data/raw/notes/E/Maya/e41_ps-5.wav,16000,3.552,
notes_Maya_e41_ps-7_29286763,notes,Maya,e41_ps-7,data/raw/notes/E/Maya/e41_ps-7.wav,16000,3.584,
notes_Maya_e42_f344fe22,notes,Maya,e42,data/raw/notes/E/Maya/e42.wav,16000,2.677375,
notes_Maya_e42_ps+12_3a46fa32,notes,Maya,e42_ps+12,data/raw/notes/E/Maya/e42_ps+12.wav,16000,2.677375,
notes_Maya_e42_ps+3_95e80403,notes,Maya,e42_ps+3,data/raw/notes/E/Maya/e42_ps+3.wav,16000,2.709375,
notes_Maya_e42_ps+5_0add493a,notes,Maya,e42_ps+5,data/raw/notes/E/Maya/e42_ps+5.wav,16000,2.709375,
notes_Maya_e42_ps+7_94d32bce,notes,Maya,e42_ps+7,data/raw/notes/E/Maya/e42_ps+7.wav,16000,2.709375,
notes_Maya_e42_ps-12_00ad56de,notes,Maya,e42_ps-12,data/raw/notes/E/Maya/e42_ps-12.wav,16000,2.741375,
notes_Maya_e42_ps-3_833f3f11,notes,Maya,e42_ps-3,data/raw/notes/E/Maya/e42_ps-3.wav,16000,2.709375,
notes_Maya_e42_ps-5_ee78a9c9,notes,Maya,e42_ps-5,data/raw/notes/E/Maya/e42_ps-5.wav,16000,2.709375,
notes_Maya_e42_ps-7_9a6abc22,notes,Maya,e42_ps-7,data/raw/notes/E/Maya/e42_ps-7.wav,16000,2.709375,
notes_Maya_e43_c71be24d,notes,Maya,e43,data/raw/notes/E/Maya/e43.wav,16000,3.2426875,
notes_Maya_e43_ps+12_3b305022,notes,Maya,e43_ps+12,data/raw/notes/E/Maya/e43_ps+12.wav,16000,3.2426875,
notes_Maya_e43_ps+3_37a905a3,notes,Maya,e43_ps+3,data/raw/notes/E/Maya/e43_ps+3.wav,16000,3.2426875,
notes_Maya_e43_ps+5_50814272,notes,Maya,e43_ps+5,data/raw/notes/E/Maya/e43_ps+5.wav,16000,3.2426875,
notes_Maya_e43_ps+7_4d59d00b,notes,Maya,e43_ps+7,data/raw/notes/E/Maya/e43_ps+7.wav,16000,3.2426875,
notes_Maya_e43_ps-12_999602d5,notes,Maya,e43_ps-12,data/raw/notes/E/Maya/e43_ps-12.wav,16000,3.2426875,
notes_Maya_e43_ps-3_3510b83a,notes,Maya,e43_ps-3,data/raw/notes/E/Maya/e43_ps-3.wav,16000,3.2426875,
notes_Maya_e43_ps-5_aa3f2ba9,notes,Maya,e43_ps-5,data/raw/notes/E/Maya/e43_ps-5.wav,16000,3.2426875,
notes_Maya_e43_ps-7_e5ff5a3d,notes,Maya,e43_ps-7,data/raw/notes/E/Maya/e43_ps-7.wav,16000,3.2426875,
notes_Maya_e44_b61322c2,notes,Maya,e44,data/raw/notes/E/Maya/e44.wav,16000,2.848,
notes_Maya_e44_ps+12_193154a1,notes,Maya,e44_ps+12,data/raw/notes/E/Maya/e44_ps+12.wav,16000,2.688,
notes_Maya_e44_ps+3_dd993d1e,notes,Maya,e44_ps+3,data/raw/notes/E/Maya/e44_ps+3.wav,16000,2.88,
notes_Maya_e44_ps+5_c4915297,notes,Maya,e44_ps+5,data/raw/notes/E/Maya/e44_ps+5.wav,16000,2.752,
notes_Maya_e44_ps+7_bafc4785,notes,Maya,e44_ps+7,data/raw/notes/E/Maya/e44_ps+7.wav,16000,2.912,
notes_Maya_e44_ps-12_9cd7e9c5,notes,Maya,e44_ps-12,data/raw/notes/E/Maya/e44_ps-12.wav,16000,2.944,
notes_Maya_e44_ps-3_10d7c717,notes,Maya,e44_ps-3,data/raw/notes/E/Maya/e44_ps-3.wav,16000,2.72,
notes_Maya_e44_ps-5_25ad01d2,notes,Maya,e44_ps-5,data/raw/notes/E/Maya/e44_ps-5.wav,16000,2.752,
notes_Maya_e44_ps-7_d705b38e,notes,Maya,e44_ps-7,data/raw/notes/E/Maya/e44_ps-7.wav,16000,2.88,
notes_E_e5_9413898a,notes,E,e5,data/raw/notes/E/e5.wav,16000,1.7066875,
notes_E_e5_ps+12_93b036c2,notes,E,e5_ps+12,data/raw/notes/E/e5_ps+12.wav,16000,1.7066875,
notes_E_e5_ps+3_050b11d7,notes,E,e5_ps+3,data/raw/notes/E/e5_ps+3.wav,16000,1.7066875,
notes_E_e5_ps+5_ec7edbef,notes,E,e5_ps+5,data/raw/notes/E/e5_ps+5.wav,16000,1.7066875,
notes_E_e5_ps+7_15d1c742,notes,E,e5_ps+7,data/raw/notes/E/e5_ps+7.wav,16000,1.7066875,
notes_E_e5_ps-12_87b57cfe,notes,E,e5_ps-12,data/raw/notes/E/e5_ps-12.wav,16000,1.7066875,
notes_E_e5_ps-3_46a13a65,notes,E,e5_ps-3,data/raw/notes/E/e5_ps-3.wav,16000,1.7066875,
notes_E_e5_ps-5_782408bb,notes,E,e5_ps-5,data/raw/notes/E/e5_ps-5.wav,16000,1.7066875,
notes_E_e5_ps-7_04236313,notes,E,e5_ps-7,data/raw/notes/E/e5_ps-7.wav,16000,1.7066875,
notes_Brandon_eb31_893a3ce3,notes,Brandon,eb31,data/raw/notes/Eb/Brandon/eb31.wav,16000,1.5666875,
notes_Brandon_eb32_d58cf6d8,notes,Brandon,eb32,data/raw/notes/Eb/Brandon/eb32.wav,16000,1.5346875,
notes_Brandon_eb33_8fcfe1aa,notes,Brandon,eb33,data/raw/notes/Eb/Brandon/eb33.wav,16000,1.577375,
notes_Brandon_eb34_e73d8218,notes,Brandon,eb34,data/raw/notes/Eb/Brandon/eb34.wav,16000,2.185375,
notes_Brandon_eb35_01b0fd18,notes,Brandon,eb35,data/raw/notes/Eb/Brandon/eb35.wav,16000,1.6626875,
notes_Maya_eb41_2b82bf6f,notes,Maya,eb41,data/raw/notes/Eb/Maya/eb41.wav,16000,3.4666875,
notes_Maya_eb41_ps+12_8763456a,notes,Maya,eb41_ps+12,data/raw/notes/Eb/Maya/eb41_ps+12.wav,16000,3.4666875,
notes_Maya_eb41_ps+3_8848508d,notes,Maya,eb41_ps+3,data/raw/notes/Eb/Maya/eb41_ps+3.wav,16000,3.4666875,
notes_Maya_eb41_ps+5_68fc1483,notes,Maya,eb41_ps+5,data/raw/notes/Eb/Maya/eb41_ps+5.wav,16000,3.4666875,
notes_Maya_eb41_ps+7_529abfc6,notes,Maya,eb41_ps+7,data/raw/notes/Eb/Maya/eb41_ps+7.wav,16000,3.4986875,
notes_Maya_eb41_ps-12_4d4243a6,notes,Maya,eb41_ps-12,data/raw/notes/Eb/Maya/eb41_ps-12.wav,16000,3.4986875,
notes_Maya_eb41_ps-3_3074b2cb,notes,Maya,eb41_ps-3,data/raw/notes/Eb/Maya/eb41_ps-3.wav,16000,3.4986875,
notes_Maya_eb41_ps-5_cf85a600,notes,Maya,eb41_ps-5,data/raw/notes/Eb/Maya/eb41_ps-5.wav,16000,3.4346875,
notes_Maya_eb41_ps-7_aa46494d,notes,Maya,eb41_ps-7,data/raw/notes/Eb/Maya/eb41_ps-7.wav,16000,3.4986875,
notes_Maya_eb42_798257f7,notes,Maya,eb42,data/raw/notes/Eb/Maya/eb42.wav,16000,3.584,
notes_Maya_eb42_ps+12_de1109f7,notes,Maya,eb42_ps+12,data/raw/notes/Eb/Maya/eb42_ps+12.wav,16000,3.584,
notes_Maya_eb42_ps+3_583e14cc,notes,Maya,eb42_ps+3,data/raw/notes/Eb/Maya/eb42_ps+3.wav,16000,3.584,
notes_Maya_eb42_ps+5_77eaa19e,notes,Maya,eb42_ps+5,data/raw/notes/Eb/Maya/eb42_ps+5.wav,16000,3.584,
notes_Maya_eb42_ps+7_b6765c37,notes,Maya,eb42_ps+7,data/raw/notes/Eb/Maya/eb42_ps+7.wav,16000,3.584,
notes_Maya_eb42_ps-12_ca7a620e,notes,Maya,eb42_ps-12,data/raw/notes/Eb/Maya/eb42_ps-12.wav,16000,3.584,
notes_Maya_eb42_ps-3_8d1cb1ec,notes,Maya,eb42_ps-3,data/raw/notes/Eb/Maya/eb42_ps-3.wav,16000,3.584,
notes_Maya_eb42_ps-5_0bc5c43e,notes,Maya,eb42_ps-5,data/raw/notes/Eb/Maya/eb42_ps-5.wav,16000,3.584,
notes_Maya_eb42_ps-7_c9c1469a,notes,Maya,eb42_ps-7,data/raw/notes/Eb/Maya/eb42_ps-7.wav,16000,3.584,
notes_Maya_eb43_d1e153bf,notes,Maya,eb43,data/raw/notes/Eb/Maya/eb43.wav,16000,2.9546875,
notes_Maya_eb43_ps+12_caf9cf6a,notes,Maya,eb43_ps+12,data/raw/notes/Eb/Maya/eb43_ps+12.wav,16000,2.7946875,
notes_Maya_eb43_ps+3_aa803e6c,notes,Maya,eb43_ps+3,data/raw/notes/Eb/Maya/eb43_ps+3.wav,16000,3.1786875,
notes_Maya_eb43_ps+5_26e17258,notes,Maya,eb43_ps+5,data/raw/notes/Eb/Maya/eb43_ps+5.wav,16000,2.9546875,
notes_Maya_eb43_ps+7_ea9a9414,notes,Maya,eb43_ps+7,data/raw/notes/Eb/Maya/eb43_ps+7.wav,16000,2.9546875,
notes_Maya_eb43_ps-12_f0852656,notes,Maya,eb43_ps-12,data/raw/notes/Eb/Maya/eb43_ps-12.wav,16000,2.8906875,
notes_Maya_eb43_ps-3_c54aeee9,notes,Maya,eb43_ps-3,data/raw/notes/Eb/Maya/eb43_ps-3.wav,16000,3.1786875,
notes_Maya_eb43_ps-5_8daad747,notes,Maya,eb43_ps-5,data/raw/notes/Eb/Maya/eb43_ps-5.wav,16000,2.8906875,
notes_Maya_eb43_ps-7_d809254f,notes,Maya,eb43_ps-7,data/raw/notes/Eb/Maya/eb43_ps-7.wav,16000,2.8586875,
notes_Maya_eb44_9664cbfd,notes,Maya,eb44,data/raw/notes/Eb/Maya/eb44.wav,16000,3.2426875,
notes_Maya_eb44_ps+12_dbd25ead,notes,Maya,eb44_ps+12,data/raw/notes/Eb/Maya/eb44_ps+12.wav,16000,3.2426875,
notes_Maya_eb44_ps+3_a8a9b35b,notes,Maya,eb44_ps+3,data/raw/notes/Eb/Maya/eb44_ps+3.wav,16000,3.2426875,
notes_Maya_eb44_ps+5_ae744a6c,notes,Maya,eb44_ps+5,data/raw/notes/Eb/Maya/eb44_ps+5.wav,16000,3.2426875,
notes_Maya_eb44_ps+7_b981c044,notes,Maya,eb44_ps+7,data/raw/notes/Eb/Maya/eb44_ps+7.wav,16000,3.2426875,
notes_Maya_eb44_ps-12_192e359e,notes,Maya,eb44_ps-12,data/raw/notes/Eb/Maya/eb44_ps-12.wav,16000,3.2426875,
notes_Maya_eb44_ps-3_d4142e3a,notes,Maya,eb44_ps-3,data/raw/notes/Eb/Maya/eb44_ps-3.wav,16000,3.2426875,
notes_Maya_eb44_ps-5_349cc7e6,notes,Maya,eb44_ps-5,data/raw/notes/Eb/Maya/eb44_ps-5.wav,16000,3.2426875,
notes_Maya_eb44_ps-7_ea523408,notes,Maya,eb44_ps-7,data/raw/notes/Eb/Maya/eb44_ps-7.wav,16000,3.2426875,
notes_Eb_eb5_0174a9c9,notes,Eb,eb5,data/raw/notes/Eb/eb5.wav,16000,2.048,
notes_Eb_eb5_ps+12_38dadae6,notes,Eb,eb5_ps+12,data/raw/notes/Eb/eb5_ps+12.wav,16000,2.016,
notes_Eb_eb5_ps+3_64140eda,notes,Eb,eb5_ps+3,data/raw/notes/Eb/eb5_ps+3.wav,16000,2.048,
notes_Eb_eb5_ps+5_325ddd05,notes,Eb,eb5_ps+5,data/raw/notes/Eb/eb5_ps+5.wav,16000,1.984,
notes_Eb_eb5_ps+7_073fe743,notes,Eb,eb5_ps+7,data/raw/notes/Eb/eb5_ps+7.wav,16000,2.016,
notes_Eb_eb5_ps-12_f6d119c0,notes,Eb,eb5_ps-12,data/raw/notes/Eb/eb5_ps-12.wav,16000,2.016,
notes_Eb_eb5_ps-3_2a66e2d7,notes,Eb,eb5_ps-3,data/raw/notes/Eb/eb5_ps-3.wav,16000,1.984,
notes_Eb_eb5_ps-5_28e881c9,notes,Eb,eb5_ps-5,data/raw/notes/Eb/eb5_ps-5.wav,16000,1.856,
notes_Eb_eb5_ps-7_0ed52d75,notes,Eb,eb5_ps-7,data/raw/notes/Eb/eb5_ps-7.wav,16000,2.048,
notes_Brandon_f31_35203b4d,notes,Brandon,f31,data/raw/notes/F/Brandon/f31.wav,16000,1.033375,
notes_Brandon_f32_6cbf2d60,notes,Brandon,f32,data/raw/notes/F/Brandon/f32.wav,16000,1.6306875,
notes_Brandon_f33_d50cc13c,notes,Brandon,f33,data/raw/notes/F/Brandon/f33.wav,16000,1.193375,
notes_Brandon_f34_ad2b574a,notes,Brandon,f34,data/raw/notes/F/Brandon/f34.wav,16000,1.492,
notes_Brandon_f35_8e88156d,notes,Brandon,f35,data/raw/notes/F/Brandon/f35.wav,16000,1.8226875,
notes_Maya_f41_dc86d1cf,notes,Maya,f41,data/raw/notes/F/Maya/f41.wav,16000,3.84,
notes_Maya_f41_ps+12_3b521532,notes,Maya,f41_ps+12,data/raw/notes/F/Maya/f41_ps+12.wav,16000,3.84,
notes_Maya_f41_ps+3_075b2d0a,notes,Maya,f41_ps+3,data/raw/notes/F/Maya/f41_ps+3.wav,16000,3.84,
notes_Maya_f41_ps+5_9c538a06,notes,Maya,f41_ps+5,data/raw/notes/F/Maya/f41_ps+5.wav,16000,3.84,
notes_Maya_f41_ps+7_c8e026d0,notes,Maya,f41_ps+7,data/raw/notes/F/Maya/f41_ps+7.wav,16000,3.84,
notes_Maya_f41_ps-12_8d56402c,notes,Maya,f41_ps-12,data/raw/notes/F/Maya/f41_ps-12.wav,16000,3.84,
notes_Maya_f41_ps-3_ce9b36da,notes,Maya,f41_ps-3,data/raw/notes/F/Maya/f41_ps-3.wav,16000,3.84,
notes_Maya_f41_ps-5_8f1d4f38,notes,Maya,f41_ps-5,data/raw/notes/F/Maya/f41_ps-5.wav,16000,3.84,
notes_Maya_f41_ps-7_ef0ca075,notes,Maya,f41_ps-7,data/raw/notes/F/Maya/f41_ps-7.wav,16000,3.84,
notes_Maya_f42_3ee487d5,notes,Maya,f42,data/raw/notes/F/Maya/f42.wav,16000,5.12,
notes_Maya_f42_ps+12_db77a2a7,notes,Maya,f42_ps+12,data/raw/notes/F/Maya/f42_ps+12.wav,16000,5.056,
notes_Maya_f42_ps+3_f9bf323c,notes,Maya,f42_ps+3,data/raw/notes/F/Maya/f42_ps+3.wav,16000,5.12,
notes_Maya_f42_ps+5_b98b1bfb,notes,Maya,f42_ps+5,data/raw/notes/F/Maya/f42_ps+5.wav,16000,5.12,
notes_Maya_f42_ps+7_fa80dd97,notes,Maya,f42_ps+7,data/raw/notes/F/Maya/f42_ps+7.wav,16000,5.088,
notes_Maya_f42_ps-12_4b746e89,notes,Maya,f42_ps-12,data/raw/notes/F/Maya/f42_ps-12.wav,16000,5.088,
notes_Maya_f42_ps-3_0ac8027f,notes,Maya,f42_ps-3,data/raw/notes/F/Maya/f42_ps-3.wav,16000,5.12,
notes_Maya_f42_ps-5_710e0cf5,notes,Maya,f42_ps-5,data/raw/notes/F/Maya/f42_ps-5.wav,16000,5.12,
notes_Maya_f42_ps-7_9022940d,notes,Maya,f42_ps-7,data/raw/notes/F/Maya/f42_ps-7.wav,16000,5.12,
notes_Maya_f43_70a3fa4e,notes,Maya,f43,data/raw/notes/F/Maya/f43.wav,16000,5.376,
notes_Maya_f43_ps+12_317d85d2,notes,Maya,f43_ps+12,data/raw/notes/F/Maya/f43_ps+12.wav,16000,5.376,
notes_Maya_f43_ps+3_5c6e4363,notes,Maya,f43_ps+3,data/raw/notes/F/Maya/f43_ps+3.wav,16000,5.376,
notes_Maya_f43_ps+5_f6a4593d,notes,Maya,f43_ps+5,data/raw/notes/F/Maya/f43_ps+5.wav,16000,5.376,
notes_Maya_f43_ps+7_d6b7ff35,notes,Maya,f43_ps+7,data/raw/notes/F/Maya/f43_ps+7.wav,16000,5.376,
notes_Maya_f43_ps-12_a31d90f5,notes,Maya,f43_ps-12,data/raw/notes/F/Maya/f43_ps-12.wav,16000,5.376,
notes_Maya_f43_ps-3_a2b24414,notes,Maya,f43_ps-3,data/raw/notes/F/Maya/f43_ps-3.wav,16000,5.376,
notes_Maya_f43_ps-5_077ed7c4,notes,Maya,f43_ps-5,data/raw/notes/F/Maya/f43_ps-5.wav,16000,5.376,
notes_Maya_f43_ps-7_e724bd48,notes,Maya,f43_ps-7,data/raw/notes/F/Maya/f43_ps-7.wav,16000,5.376,
notes_Maya_f44_d69752a4,notes,Maya,f44,data/raw/notes/F/Maya/f44.wav,16000,4.2026875,
notes_Maya_f44_ps+12_0982334f,notes,Maya,f44_ps+12,data/raw/notes/F/Maya/f44_ps+12.wav,16000,3.9786875,
notes_Maya_f44_ps+3_32be85f7,notes,Maya,f44_ps+3,data/raw/notes/F/Maya/f44_ps+3.wav,16000,4.2026875,
notes_Maya_f44_ps+5_e327ffba,notes,Maya,f44_ps+5,data/raw/notes/F/Maya/f44_ps+5.wav,16000,4.2666875,
notes_Maya_f44_ps+7_ed26f25a,notes,Maya,f44_ps+7,data/raw/notes/F/Maya/f44_ps+7.wav,16000,4.2666875,
notes_Maya_f44_ps-12_b3133c0a,notes,Maya,f44_ps-12,data/raw/notes/F/Maya/f44_ps-12.wav,16000,4.2666875,
notes_Maya_f44_ps-3_d6b90f34,notes,Maya,f44_ps-3,data/raw/notes/F/Maya/f44_ps-3.wav,16000,4.2666875,
notes_Maya_f44_ps-5_67dffeaa,notes,Maya,f44_ps-5,data/raw/notes/F/Maya/f44_ps-5.wav,16000,4.2666875,
notes_Maya_f44_ps-7_2d76cec5,notes,Maya,f44_ps-7,data/raw/notes/F/Maya/f44_ps-7.wav,16000,4.2346875,
notes_F_f5_d0e54de6,notes,F,f5,data/raw/notes/F/f5.wav,16000,2.389375,
notes_F_f5_ps+12_c0e738a8,notes,F,f5_ps+12,data/raw/notes/F/f5_ps+12.wav,16000,2.389375,
notes_F_f5_ps+3_d8c46c12,notes,F,f5_ps+3,data/raw/notes/F/f5_ps+3.wav,16000,2.389375,
notes_F_f5_ps+5_2f028a89,notes,F,f5_ps+5,data/raw/notes/F/f5_ps+5.wav,16000,2.389375,
notes_F_f5_ps+7_6cdd6760,notes,F,f5_ps+7,data/raw/notes/F/f5_ps+7.wav,16000,2.389375,
notes_F_f5_ps-12_8e455c10,notes,F,f5_ps-12,data/raw/notes/F/f5_ps-12.wav,16000,2.389375,
notes_F_f5_ps-3_07ed1cd2,notes,F,f5_ps-3,data/raw/notes/F/f5_ps-3.wav,16000,2.389375,
notes_F_f5_ps-5_78dbe4ac,notes,F,f5_ps-5,data/raw/notes/F/f5_ps-5.wav,16000,2.389375,
notes_F_f5_ps-7_9f3af750,notes,F,f5_ps-7,data/raw/notes/F/f5_ps-7.wav,16000,2.389375,
notes_Brandon_f#31_e470c14d,notes,Brandon,f#31,data/raw/notes/F#/Brandon/f#31.wav,16000,1.556,
notes_Brandon_f#32_96c1aa71,notes,Brandon,f#32,data/raw/notes/F#/Brandon/f#32.wav,16000,1.492,
notes_Brandon_f#33_0b69d8e4,notes,Brandon,f#33,data/raw/notes/F#/Brandon/f#33.wav,16000,1.332,
notes_Brandon_f#34_047306c0,notes,Brandon,f#34,data/raw/notes/F#/Brandon/f#34.wav,16000,1.332,
notes_Brandon_f#35_38107941,notes,Brandon,f#35,data/raw/notes/F#/Brandon/f#35.wav,16000,1.204,
notes_Maya_f#41_5bc05935,notes,Maya,f#41,data/raw/notes/F#/Maya/f#41.wav,16000,3.616,
notes_Maya_f#41_ps+12_61cf249b,notes,Maya,f#41_ps+12,data/raw/notes/F#/Maya/f#41_ps+12.wav,16000,3.424,
notes_Maya_f#41_ps+3_908e7c83,notes,Maya,f#41_ps+3,data/raw/notes/F#/Maya/f#41_ps+3.wav,16000,3.424,
notes_Maya_f#41_ps+5_f6893524,notes,Maya,f#41_ps+5,data/raw/notes/F#/Maya/f#41_ps+5.wav,16000,3.424,
notes_Maya_f#41_ps+7_66ba9f8f,notes,Maya,f#41_ps+7,data/raw/notes/F#/Maya/f#41_ps+7.wav,16000,3.648,
notes_Maya_f#41_ps-12_c5f967ac,notes,Maya,f#41_ps-12,data/raw/notes/F#/Maya/f#41_ps-12.wav,16000,3.84,
notes_Maya_f#41_ps-3_413c4a1f,notes,Maya,f#41_ps-3,data/raw/notes/F#/Maya/f#41_ps-3.wav,16000,3.36,
notes_Maya_f#41_ps-5_28044313,notes,Maya,f#41_ps-5,data/raw/notes/F#/Maya/f#41_ps-5.wav,16000,3.456,
notes_Maya_f#41_ps-7_9d1a7576,notes,Maya,f#41_ps-7,data/raw/notes/F#/Maya/f#41_ps-7.wav,16000,3.84,
notes_Maya_f#42_7261c566,notes,Maya,f#42,data/raw/notes/F#/Maya/f#42.wav,16000,2.997375,
notes_Maya_f#42_ps+12_091d0878,notes,Maya,f#42_ps+12,data/raw/notes/F#/Maya/f#42_ps+12.wav,16000,2.901375,
notes_Maya_f#42_ps+3_9b10ce4f,notes,Maya,f#42_ps+3,data/raw/notes/F#/Maya/f#42_ps+3.wav,16000,3.349375,
notes_Maya_f#42_ps+5_0114a2d3,notes,Maya,f#42_ps+5,data/raw/notes/F#/Maya/f#42_ps+5.wav,16000,3.349375,
notes_Maya_f#42_ps+7_6447c093,notes,Maya,f#42_ps+7,data/raw/notes/F#/Maya/f#42_ps+7.wav,16000,2.901375,
notes_Maya_f#42_ps-12_0d113988,notes,Maya,f#42_ps-12,data/raw/notes/F#/Maya/f#42_ps-12.wav,16000,2.965375,
notes_Maya_f#42_ps-3_b2fb0d6f,notes,Maya,f#42_ps-3,data/raw/notes/F#/Maya/f#42_ps-3.wav,16000,3.285375,
notes_Maya_f#42_ps-5_362b2318,notes,Maya,f#42_ps-5,data/raw/notes/F#/Maya/f#42_ps-5.wav,16000,3.349375,
notes_Maya_f#42_ps-7_7188c688,notes,Maya,f#42_ps-7,data/raw/notes/F#/Maya/f#42_ps-7.wav,16000,2.933375,
notes_Maya_f#43_cf9976fb,notes,Maya,f#43,data/raw/notes/F#/Maya/f#43.wav,16000,2.453375,
notes_Maya_f#43_ps+12_2941f961,notes,Maya,f#43_ps+12,data/raw/notes/F#/Maya/f#43_ps+12.wav,16000,2.485375,
notes_Maya_f#43_ps+3_875f6027,notes,Maya,f#43_ps+3,data/raw/notes/F#/Maya/f#43_ps+3.wav,16000,2.517375,
notes_Maya_f#43_ps+5_68f941b3,notes,Maya,f#43_ps+5,data/raw/notes/F#/Maya/f#43_ps+5.wav,16000,2.485375,
notes_Maya_f#43_ps+7_b56e7f1b,notes,Maya,f#43_ps+7,data/raw/notes/F#/Maya/f#43_ps+7.wav,16000,2.997375,
notes_Maya_f#43_ps-12_73e4bacc,notes,Maya,f#43_ps-12,data/raw/notes/F#/Maya/f#43_ps-12.wav,16000,2.549375,
notes_Maya_f#43_ps-3_d8fc9977,notes,Maya,f#43_ps-3,data/raw/notes/F#/Maya/f#43_ps-3.wav,16000,3.093375,
notes_Maya_f#43_ps-5_361f855f,notes,Maya,f#43_ps-5,data/raw/notes/F#/Maya/f#43_ps-5.wav,16000,3.093375,
notes_Maya_f#43_ps-7_2dc702fd,notes,Maya,f#43_ps-7,data/raw/notes/F#/Maya/f#43_ps-7.wav,16000,2.517375,
notes_Maya_f#44_66978a49,notes,Maya,f#44,data/raw/notes/F#/Maya/f#44.wav,16000,3.7546875,
notes_Maya_f#44_ps+12_40ad0309,notes,Maya,f#44_ps+12,data/raw/notes/F#/Maya/f#44_ps+12.wav,16000,3.7546875,
notes_Maya_f#44_ps+3_93be5575,notes,Maya,f#44_ps+3,data/raw/notes/F#/Maya/f#44_ps+3.wav,16000,3.7546875,
notes_Maya_f#44_ps+5_37f1acf8,notes,Maya,f#44_ps+5,data/raw/notes/F#/Maya/f#44_ps+5.wav,16000,3.7546875,
notes_Maya_f#44_ps+7_d454631e,notes,Maya,f#44_ps+7,data/raw/notes/F#/Maya/f#44_ps+7.wav,16000,3.7546875,
notes_Maya_f#44_ps-12_5ff2dd7d,notes,Maya,f#44_ps-12,data/raw/notes/F#/Maya/f#44_ps-12.wav,16000,3.7546875,
notes_Maya_f#44_ps-3_87f94781,notes,Maya,f#44_ps-3,data/raw/notes/F#/Maya/f#44_ps-3.wav,16000,3.7546875,
notes_Maya_f#44_ps-5_ed405e0b,notes,Maya,f#44_ps-5,data/raw/notes/F#/Maya/f#44_ps-5.wav,16000,3.7546875,
notes_Maya_f#44_ps-7_e422e6e1,notes,Maya,f#44_ps-7,data/raw/notes/F#/Maya/f#44_ps-7.wav,16000,3.7546875,
notes_F#_f#5_c8a9b64e,notes,F#,f#5,data/raw/notes/F#/f#5.wav,16000,2.389375,
notes_F#_f#5_ps+12_1ec2604a,notes,F#,f#5_ps+12,data/raw/notes/F#/f#5_ps+12.wav,16000,2.389375,
notes_F#_f#5_ps+3_a96b43c8,notes,F#,f#5_ps+3,data/raw/notes/F#/f#5_ps+3.wav,16000,2.389375,
notes_F#_f#5_ps+5_ebf15af5,notes,F#,f#5_ps+5,data/raw/notes/F#/f#5_ps+5.wav,16000,2.389375,
notes_F#_f#5_ps+7_a6e2512f,notes,F#,f#5_ps+7,data/raw/notes/F#/f#5_ps+7.wav,16000,2.389375,
notes_F#_f#5_ps-12_78eee7f2,notes,F#,f#5_ps-12,data/raw/notes/F#/f#5_ps-12.wav,16000,2.389375,
notes_F#_f#5_ps-3_7710b903,notes,F#,f#5_ps-3,data/raw/notes/F#/f#5_ps-3.wav,16000,2.389375,
notes_F#_f#5_ps-5_9518ad72,notes,F#,f#5_ps-5,data/raw/notes/F#/f#5_ps-5.wav,16000,2.389375,
notes_F#_f#5_ps-7_77a594d3,notes,F#,f#5_ps-7,data/raw/notes/F#/f#5_ps-7.wav,16000,2.389375,
notes_Brandon_g31_c8b4a3b7,notes,Brandon,g31,data/raw/notes/G/Brandon/g31.wav,16000,0.7986875,
notes_Brandon_g32_c6163589,notes,Brandon,g32,data/raw/notes/G/Brandon/g32.wav,16000,1.396,
notes_Brandon_g33_685b026b,notes,Brandon,g33,data/raw/notes/G/Brandon/g33.wav,16000,1.225375,
notes_Brandon_g34_698748eb,notes,Brandon,g34,data/raw/notes/G/Brandon/g34.wav,16000,1.588,
notes_Brandon_g35_73f39894,notes,Brandon,g35,data/raw/notes/G/Brandon/g35.wav,16000,1.705375,
notes_Maya_g41_7f0d83dc,notes,Maya,g41,data/raw/notes/G/Maya/g41.wav,16000,2.368,
notes_Maya_g41_ps+12_0f8da634,notes,Maya,g41_ps+12,data/raw/notes/G/Maya/g41_ps+12.wav,16000,2.368,
notes_Maya_g41_ps+3_d3d47296,notes,Maya,g41_ps+3,data/raw/notes/G/Maya/g41_ps+3.wav,16000,2.4,
notes_Maya_g41_ps+5_04b06ece,notes,Maya,g41_ps+5,data/raw/notes/G/Maya/g41_ps+5.wav,16000,2.368,
notes_Maya_g41_ps+7_ec86073e,notes,Maya,g41_ps+7,data/raw/notes/G/Maya/g41_ps+7.wav,16000,2.4,
notes_Maya_g41_ps-12_e1d38a6d,notes,Maya,g41_ps-12,data/raw/notes/G/Maya/g41_ps-12.wav,16000,2.432,
notes_Maya_g41_ps-3_18f8205c,notes,Maya,g41_ps-3,data/raw/notes/G/Maya/g41_ps-3.wav,16000,2.4,
notes_Maya_g41_ps-5_2f64f36b,notes,Maya,g41_ps-5,data/raw/notes/G/Maya/g41_ps-5.wav,16000,2.4,
notes_Maya_g41_ps-7_43a98dd8,notes,Maya,g41_ps-7,data/raw/notes/G/Maya/g41_ps-7.wav,16000,2.432,
notes_Maya_g42_834d7acd,notes,Maya,g42,data/raw/notes/G/Maya/g42.wav,16000,2.784,
notes_Maya_g42_ps+12_89dbb978,notes,Maya,g42_ps+12,data/raw/notes/G/Maya/g42_ps+12.wav,16000,2.784,
notes_Maya_g42_ps+3_28134a5f,notes,Maya,g42_ps+3,data/raw/notes/G/Maya/g42_ps+3.wav,16000,3.4986875,
notes_Maya_g42_ps+5_a213f1d2,notes,Maya,g42_ps+5,data/raw/notes/G/Maya/g42_ps+5.wav,16000,2.8266875,
notes_Maya_g42_ps+7_365559df,notes,Maya,g42_ps+7,data/raw/notes/G/Maya/g42_ps+7.wav,16000,2.8266875,
notes_Maya_g42_ps-12_ab9f50c2,notes,Maya,g42_ps-12,data/raw/notes/G/Maya/g42_ps-12.wav,16000,3.4986875,
notes_Maya_g42_ps-3_590cc397,notes,Maya,g42_ps-3,data/raw/notes/G/Maya/g42_ps-3.wav,16000,3.4666875,
notes_Maya_g42_ps-5_3486d2ef,notes,Maya,g42_ps-5,data/raw/notes/G/Maya/g42_ps-5.wav,16000,2.848,
notes_Maya_g42_ps-7_55452023,notes,Maya,g42_ps-7,data/raw/notes/G/Maya/g42_ps-7.wav,16000,3.4986875,
notes_Maya_g43_6b75e993,notes,Maya,g43,data/raw/notes/G/Maya/g43.wav,16000,2.816,
notes_Maya_g43_ps+12_ebe12066,notes,Maya,g43_ps+12,data/raw/notes/G/Maya/g43_ps+12.wav,16000,2.688,
notes_Maya_g43_ps+3_81e68c18,notes,Maya,g43_ps+3,data/raw/notes/G/Maya/g43_ps+3.wav,16000,2.784,
notes_Maya_g43_ps+5_ec96e512,notes,Maya,g43_ps+5,data/raw/notes/G/Maya/g43_ps+5.wav,16000,2.848,
notes_Maya_g43_ps+7_ac1afd12,notes,Maya,g43_ps+7,data/raw/notes/G/Maya/g43_ps+7.wav,16000,2.816,
notes_Maya_g43_ps-12_a8fde5ef,notes,Maya,g43_ps-12,data/raw/notes/G/Maya/g43_ps-12.wav,16000,2.912,
notes_Maya_g43_ps-3_b83fd0ea,notes,Maya,g43_ps-3,data/raw/notes/G/Maya/g43_ps-3.wav,16000,2.784,
notes_Maya_g43_ps-5_b2a43b2c,notes,Maya,g43_ps-5,data/raw/notes/G/Maya/g43_ps-5.wav,16000,2.784,
notes_Maya_g43_ps-7_fe507dc4,notes,Maya,g43_ps-7,data/raw/notes/G/Maya/g43_ps-7.wav,16000,2.816,
notes_Maya_g44_3cfb3efe,notes,Maya,g44,data/raw/notes/G/Maya/g44.wav,16000,3.136,
notes_Maya_g44_ps+12_b06370f6,notes,Maya,g44_ps+12,data/raw/notes/G/Maya/g44_ps+12.wav,16000,3.136,
notes_Maya_g44_ps+3_b586bda2,notes,Maya,g44_ps+3,data/raw/notes/G/Maya/g44_ps+3.wav,16000,3.2,
notes_Maya_g44_ps+5_da547e75,notes,Maya,g44_ps+5,data/raw/notes/G/Maya/g44_ps+5.wav,16000,3.2,
notes_Maya_g44_ps+7_5d3d2ce4,notes,Maya,g44_ps+7,data/raw/notes/G/Maya/g44_ps+7.wav,16000,3.168,
notes_Maya_g44_ps-12_c58462d8,notes,Maya,g44_ps-12,data/raw/notes/G/Maya/g44_ps-12.wav,16000,3.2,
notes_Maya_g44_ps-3_fd8a46c8,notes,Maya,g44_ps-3,data/raw/notes/G/Maya/g44_ps-3.wav,16000,3.2,
notes_Maya_g44_ps-5_80d06d9b,notes,Maya,g44_ps-5,data/raw/notes/G/Maya/g44_ps-5.wav,16000,3.232,
notes_Maya_g44_ps-7_f6e5f058,notes,Maya,g44_ps-7,data/raw/notes/G/Maya/g44_ps-7.wav,16000,3.2,
notes_G_g5_79d32be8,notes,G,g5,data/raw/notes/G/g5.wav,16000,2.56,
notes_G_g5_ps+12_4551fd95,notes,G,g5_ps+12,data/raw/notes/G/g5_ps+12.wav,16000,2.56,
notes_G_g5_ps+3_fd947f5d,notes,G,g5_ps+3,data/raw/notes/G/g5_ps+3.wav,16000,2.56,
notes_G_g5_ps+5_5a40f670,notes,G,g5_ps+5,data/raw/notes/G/g5_ps+5.wav,16000,2.56,
notes_G_g5_ps+7_9bcad246,notes,G,g5_ps+7,data/raw/notes/G/g5_ps+7.wav,16000,2.56,
notes_G_g5_ps-12_29b69df4,notes,G,g5_ps-12,data/raw/notes/G/g5_ps-12.wav,16000,2.56,
notes_G_g5_ps-3_6c01eba1,notes,G,g5_ps-3,data/raw/notes/G/g5_ps-3.wav,16000,2.528,
notes_G_g5_ps-5_846668c8,notes,G,g5_ps-5,data/raw/notes/G/g5_ps-5.wav,16000,2.528,
notes_G_g5_ps-7_a629b2ad,notes,G,g5_ps-7,data/raw/notes/G/g5_ps-7.wav,16000,2.528,
notes_scales_Haraz Coffee House 10_331f6082,notes,scales,Haraz Coffee House 10,data/raw/notes/scales/Haraz Coffee House 10.wav,16000,13.216,
notes_scales_Haraz Coffee House 11_7cb53496,notes,scales,Haraz Coffee House 11,data/raw/notes/scales/Haraz Coffee House 11.wav,16000,14.08,
notes_scales_Haraz Coffee House 12_fe307ea1,notes,scales,Haraz Coffee House 12,data/raw/notes/scales/Haraz Coffee House 12.wav,16000,14.6986875,
notes_scales_Haraz Coffee House 5_c50570c2,notes,scales,Haraz Coffee House 5,data/raw/notes/scales/Haraz Coffee House 5.wav,16000,17.397375,
notes_scales_Haraz Coffee House 6_8636e9bc,notes,scales,Haraz Coffee House 6,data/raw/notes/scales/Haraz Coffee House 6.wav,16000,14.976,
notes_scales_Haraz Coffee House 7_55e023b4,notes,scales,Haraz Coffee House 7,data/raw/notes/scales/Haraz Coffee House 7.wav,16000,14.496,
notes_scales_Haraz Coffee House 8_7f979b6e,notes,scales,Haraz Coffee House 8,data/raw/notes/scales/Haraz Coffee House 8.wav,16000,14.688,
notes_scales_Haraz Coffee House 9_0bfdd168,notes,scales,Haraz Coffee House 9,data/raw/notes/scales/Haraz Coffee House 9.wav,16000,13.493375,
notes_scales_University of Pennsylvania 33_a6bf2ea7,notes,scales,University of Pennsylvania 33,data/raw/notes/scales/University of Pennsylvania 33.wav,16000,13.7386875,
notes_scales_University of Pennsylvania 34_cb508354,notes,scales,University of Pennsylvania 34,data/raw/notes/scales/University of Pennsylvania 34.wav,16000,18.0266875,
notes_scales_University of Pennsylvania 35_e27f8698,notes,scales,University of Pennsylvania 35,data/raw/notes/scales/University of Pennsylvania 35.wav,16000,14.592,
notes_twinkle twinkle little star _New Recording 2_b4b11e11,notes,twinkle twinkle little star ,New Recording 2,data/raw/notes/twinkle twinkle little star /New Recording 2.wav,16000,11.264,
notes_twinkle twinkle little star _University of Pennsylvania 18_e507e238,notes,twinkle twinkle little star ,University of Pennsylvania 18,data/raw/notes/twinkle twinkle little star /University of Pennsylvania 18.wav,16000,11.6906875,
notes_twinkle twinkle little star _University of Pennsylvania 19_afe4bf5b,notes,twinkle twinkle little star ,University of Pennsylvania 19,data/raw/notes/twinkle twinkle little star /University of Pennsylvania 19.wav,16000,10.848,
notes_twinkle twinkle little star _University of Pennsylvania 20_e73884ae,notes,twinkle twinkle little star ,University of Pennsylvania 20,data/raw/notes/twinkle twinkle little star /University of Pennsylvania 20.wav,16000,11.1466875,
notes_twinkle twinkle little star _University of Pennsylvania 21_dbedf781,notes,twinkle twinkle little star ,University of Pennsylvania 21,data/raw/notes/twinkle twinkle little star /University of Pennsylvania 21.wav,16000,10.688,
notes_twinkle twinkle little star _University of Pennsylvania 22_ac5b996c,notes,twinkle twinkle little star ,University of Pennsylvania 22,data/raw/notes/twinkle twinkle little star /University of Pennsylvania 22.wav,16000,10.837375,
notes_twinkle twinkle little star _University of Pennsylvania 23_5431ecd1,notes,twinkle twinkle little star ,University of Pennsylvania 23,data/raw/notes/twinkle twinkle little star /University of Pennsylvania 23.wav,16000,11.264,
notes_twinkle twinkle little star _University of Pennsylvania 24_b38a0134,notes,twinkle twinkle little star ,University of Pennsylvania 24,data/raw/notes/twinkle twinkle little star /University of Pennsylvania 24.wav,16000,10.9226875,
notes_twinkle twinkle little star _University of Pennsylvania 25_e49a09cb,notes,twinkle twinkle little star ,University of Pennsylvania 25,data/raw/notes/twinkle twinkle little star /University of Pennsylvania 25.wav,16000,11.1146875,
notes_twinkle twinkle little star _University of Pennsylvania 26_eab5d77a,notes,twinkle twinkle little star ,University of Pennsylvania 26,data/raw/notes/twinkle twinkle little star /University of Pennsylvania 26.wav,16000,9.8986875,
notes_twinkle twinkle little star _University of Pennsylvania 27_deb56a29,notes,twinkle twinkle little star ,University of Pennsylvania 27,data/raw/notes/twinkle twinkle little star /University of Pennsylvania 27.wav,16000,11.68,
notes_twinkle twinkle little star _University of Pennsylvania 28_23b7d9c8,notes,twinkle twinkle little star ,University of Pennsylvania 28,data/raw/notes/twinkle twinkle little star /University of Pennsylvania 28.wav,16000,9.984,
notes_twinkle twinkle little star _University of Pennsylvania 29_2ec2d7ac,notes,twinkle twinkle little star ,University of Pennsylvania 29,data/raw/notes/twinkle twinkle little star /University of Pennsylvania 29.wav,16000,10.837375,
notes_twinkle twinkle little star _University of Pennsylvania 30_e6b34887,notes,twinkle twinkle little star ,University of Pennsylvania 30,data/raw/notes/twinkle twinkle little star /University of Pennsylvania 30.wav,16000,11.488,
notes_twinkle twinkle little star _University of Pennsylvania 31_f6c22391,notes,twinkle twinkle little star ,University of Pennsylvania 31,data/raw/notes/twinkle twinkle little star /University of Pennsylvania 31.wav,16000,11.1786875,
notes_twinkle twinkle little star _University of Pennsylvania 32_3ce6df4a,notes,twinkle twinkle little star ,University of Pennsylvania 32,data/raw/notes/twinkle twinkle little star /University of Pennsylvania 32.wav,16000,10.6026875,
